acteurs,budget,compositeur,date,entrees_premiere_semaine,franchise,genre,pays,producteur,realisateur,remake,studio,titre
"Sam Worthington, Sigourney Weaver",315000000,James Horner,2009-12-16,2 648 596,Franchise,Science Fiction,Etats-Unis,,James Cameron,,20th Century Fox,Avatar
"Daniel Radcliffe, Emma Watson, Gary Oldman, Alan Rickman, Emma Thompson",130000000,John Williams,2004-06-02,2 503 699,Franchise,Fantasy,Etats-Unis,,Alfonso Cuaron,,Warner Bros.,Harry Potter et le prisonnier d'Azkaban
"Adam Driver, Benicio Del Toro, Joseph Gordon-Levitt",200000000,John Williams,2017-12-13,2 510 462,Franchise,Fantasy,Etats-Unis,Kathleen Kennedy,Rian Johnson,,Walt Disney Pictures,Star Wars: Les derniers Jedi
"Chris Evans, Chris Hemsworth, Josh Brolin, Robert Downey Jr, Chris Pratt, Angela Basset, Chadwick Boseman, Don Cheadle, Benedict Cumberbatch, Benicio Del Toro, Idris Elba, Tom Holland, Scarlett Johansson, Gwyneth Paltrow, Jeremy Renner, Paul Rudd, Mark Ruffalo, Bradley Cooper, Vin Diesel",295000000,Alan Silvestri,2018-04-25,2 565 953,Franchise,Comicbook,Etats-Unis,Kevin Feige,Russo (brothers),,Walt Disney Pictures,Avengers: Infinity War
"Sam Worthington, Sigourney Weaver, Kate Winslet",350000000,,2022-12-14,2 739 848,Franchise,Science Fiction,Etats-Unis,,James Cameron,,Walt Disney Pictures,Avatar : la voie de l'eau
"Orlando Bloom, Viggo Mortensen, Ian McKellen, Liv Tyler, Elijah Wood, Cate Blanchett",94000000,Howard Shore,2003-12-17,2 852 784,Franchise,Fantasy,Etats-Unis,,Peter Jackson,,Metropolitan,Le Seigneur des anneaux: Le Retour du roi
"Richard Anconina, José Garcia, Gad Elmaleh",12560000,,2001-02-07,2 830 489,Franchise,Comédie,France,,Thomas Gilou,,Warner Bros.,La Vérité si je mens! 2
"Daniel Radcliffe, Emma Watson, Kenneth Branagh, Alan Rickman",100000000,John Williams,2002-12-04,2 728 766,Franchise,Fantasy,Etats-Unis,,Chris Columbus,,Warner Bros.,Harry Potter et la chambre des secrets
"Dany Boon, Kad Merad, Alice Pol, Valérie Bonneton, Jonathan Cohen, Jérôme Commandeur",31680587,,2014-02-26,2 151 921,,Comédie,France,,Dany Boon,,Pathé,Supercondriaque
"Vin Diesel, Dwayne Johnson, Paul Walker, Luke Evans, Gal Gadot, Jason Statham",160000000,Brian Tyler,2013-05-22,1 546 806,Franchise,Aventure - Action,Etats-Unis,Neal H. Moritz,Justin Lin,,Universal,Fast & Furious 6
"Johnny Depp, Helena Bonham Carter, Anne Hathaway, Alan Rickman",200000000,Danny Elfman,2010-03-24,1 599 583,,Fantasy,Etats-Unis,,Tim Burton,,Walt Disney Pictures,Alice au Pays des Merveilles (2010)
"Will Smith, Linda Fiorentino, Tommy Lee Jones",90000000,Danny Elfman,1997-08-06,1 629 217,Franchise,Science Fiction,Etats-Unis,Steven Spielberg,Barry Sonnenfeld,,Columbia,Men In Black
Kim Basinger,55000000,Danny Elfman,2017-02-08,1 618 110,Franchise,Romance,Etats-Unis,,,,Universal,Cinquante nuances plus sombres
"Alain Chabat, Ethan Hawke, Clive Owen, Mathieu Kassovitz, John Goodman",197471676,Alexandre Desplat,2017-07-26,1 640 681,,Science Fiction,France,Luc Besson,Luc Besson,,EuropaCorp,Valérian et la Cité des Mille Planètes
"Harrison Ford, Dan Aykroyd",28000000,John Williams,1984-09-12,1 629 779,Franchise,Aventure - Action,Etats-Unis,George Lucas,Steven Spielberg,,CIC,Indiana Jones et le temple maudit
"Joaquin Phoenix, Robert De Niro",55000000,,2019-10-09,1 606 425,,Comicbook,Etats-Unis,,Todd Phillips,,Warner Bros.,Joker
"Tom Cruise, Brendan Gleeson, Anthony Hopkins",125000000,Hans Zimmer,2000-07-26,1 610 166,Franchise,Aventure - Action,Etats-Unis,Paula Wagner,John Woo,,UIP,Mission: Impossible 2
"Audrey Tautou, Gaspard Ulliel, Clovis Cornillac, Marion Cotillard, Jean-Pierre Darroussin, Albert Dupontel, André Dussollier, Jodie Foster, Jean-Paul Rouve, Julie Depardieu",45887769,,2004-10-27,1 618 337,,Drame,France,,JeanPierre Jeunet,,Warner Bros.,Un long dimanche de fiançailles
"Cate Blanchett, Orlando Bloom, Luke Evans, Ian McKellen, Benedict Cumberbatch",250000000,Howard Shore,2013-12-11,1 619 507,Franchise,Fantasy,Etats-Unis,,Peter Jackson,,Warner Bros.,Le Hobbit : la Désolation de Smaug
"Tom Hanks, Tim Allen, Michael Keaton, Benoît Magimel",200000000,,2010-07-14,1 276 905,Franchise,Animation,Etats-Unis,John Lasseter,Lee Unkrich,,Walt Disney Pictures,Toy Story 3
"Emma Watson, Luke Evans, Kevin Kline, Ewan McGregor, Ian McKellen, Emma Thompson",160000000,,2017-03-22,1 281 588,,Fantasy,Etats-Unis,,Bill Condon,,Walt Disney Pictures,La Belle et la Bête (2017)
"Jeff Goldblum, Bryce Dallas Howard, Chris Pratt, Sam Neill, Omar Sy",165000000,,2022-06-08,1 299 065,Franchise,Aventure - Action,Etats-Unis,Frank Marshall,Colin Trevorrow,,Universal,Jurassic World: Le Monde d'après
"Rowan Atkinson, Matthew Broderick, Whoopi Goldberg, Jeremy Irons, Jean Reno",45000000,Hans Zimmer,1994-11-23,1 312 942,,Animation,Etats-Unis,,Rob Minkoff,,GBVI,Le Roi lion
"Shia LaBeouf, Patrick Dempsey, John Malkovich, Frances McDormand",195000000,,2011-06-29,1 315 020,Franchise,Science Fiction,Etats-Unis,Steven Spielberg,Michael Bay,,Paramount,Transformers 3 - La Face cachée de la Lune
"Sean Connery, Harrison Ford",48000000,John Williams,1989-10-18,1 314 450,Franchise,Aventure - Action,Etats-Unis,George Lucas,Steven Spielberg,,UIP,Indiana Jones et la Dernière Croisade
James Franco,93000000,,2011-08-10,1 321 648,Franchise,Science Fiction,Etats-Unis,,,,20th Century Fox,La Planète des singes: les origines
"Chris Pratt, Sylvester Stallone, Bradley Cooper, Vin Diesel",250000000,,2023-05-03,1 323 124,Franchise,Comicbook,Etats-Unis,,James Gunn,,Walt Disney Pictures,Les Gardiens de la Galaxie 3
"Alec Baldwin, Sacha Baron Cohen, José Garcia, Chris Rock, Jean-Paul Rouve, Ben Stiller, Michael Youn",150000000,Hans Zimmer,2008-12-03,1 338 230,Franchise,Animation,Etats-Unis,,,,Paramount,Madagascar 2 : la grande évasion
"Leonardo DiCaprio, Marion Cotillard, Michael Caine, Joseph Gordon-Levitt, Tom Hardy, Cillian Murphy, Ellen Page",160000000,Hans Zimmer,2010-07-21,1 305 534,,Science Fiction,Etats-Unis,Christopher Nolan,Christopher Nolan,,Warner Bros.,Inception
"Cécile De France, Idris Elba, Scarlett Johansson, Bill Murray, Christopher Walken, Lambert Wilson",175000000,,2016-04-13,1 302 847,,Aventure - Action,Etats-Unis,,Jon Favreau,,Walt Disney Pictures,Le Livre de la jungle (2016)
"Vin Diesel, Helen Mirren, Kurt Russell, Charlize Theron",200000000,Brian Tyler,2021-07-14,1 301 589,Franchise,Aventure - Action,Etats-Unis,Vin Diesel,Justin Lin,,Universal,Fast & Furious 9
Omar Sy,63237392,Eric Serra,2009-12-02,1 213 383,Franchise,Animation,France,Luc Besson,Luc Besson,,EuropaCorp,Arthur et la vengeance de Maltazard
Mark Wahlberg,210000000,,2014-07-16,1 215 124,Franchise,Aventure - Action,Etats-Unis,Lorenzo di Bonaventura,Michael Bay,,Paramount,Transformers : l'âge de l'extinction
"Dwayne Johnson, Jason Statham, Idris Elba, Kevin Hart, Helen Mirren, Ryan Reynolds",200000000,Tyler Bates,2019-08-07,1 131 141,,Aventure - Action,Etats-Unis,,,,Universal,Fast & Furious : Hobbs & Shaw
"Charles Berling, Patrick Bruel",11029596,,2012-04-25,1 086 313,,Comédie,France,,,Remake,Pathé,Le Prénom
"Jake Gyllenhaal, Dennis Quaid",125000000,,2004-05-26,1 009 004,,Catastrophe,Etats-Unis,,Roland Emmerich,,UFD,Le Jour d'après
Bruce Willis,110000000,,2007-07-04,1 011 566,Franchise,Aventure - Action,Etats-Unis,,Len Wiseman,,20th Century Fox,Die Hard 4 - retour en enfer
Harrison Ford,32500000,John Williams,1983-10-19,1 011 878,Franchise,Fantasy,Etats-Unis,George Lucas,,,Fox-Hachette,Le Retour du Jedi
"Amy Adams, Franck Dubosc, Idris Elba, Diane Keaton, Mathilde Seigner",200000000,Thomas Newman,2016-06-22,1 003 479,,Animation,Etats-Unis,John Lasseter,Andrew Stanton,,Walt Disney Pictures,Le Monde de Dory
"Robert Pattinson, Kenneth Branagh, Michael Caine, Clémence Poésy",205000000,,2020-08-26,948 378,,Science Fiction,Etats-Unis,Christopher Nolan,Christopher Nolan,,Warner Bros.,Tenet
"Valérie Lemercier, Catherine Deneuve, Lambert Wilson, Denis Podalydès, Mathilde Seigner",14010000,,2005-11-23,953 105,,Comédie,France,,Valérie Lemercier,,Gaumont Sony,Palais Royal!
"Chris Evans, Jessica Alba",100000000,,2005-07-20,952 331,Franchise,Comicbook,Etats-Unis,Kevin Feige,,,20th Century Fox,Les 4 Fantastiques
"Pierre Arditi, Jack Black, Jackie Chan, Dustin Hoffman, Angelina Jolie, Manu Payet, Seth Rogen",130000000,Hans Zimmer,2008-07-09,955 571,Franchise,Animation,Etats-Unis,,,,Paramount,Kung Fu Panda
"Leonardo DiCaprio, Cameron Diaz, Daniel Day-Lewis, Brendan Gleeson, Liam Neeson, John C. Reilly",97000000,Howard Shore,2003-01-08,869 475,,Drame,Etats-Unis,,Martin Scorsese,,SND,Gangs of New York
"George Clooney, Matt Damon, Casey Affleck, Don Cheadle, Al Pacino, Brad Pitt, Andy Garcia, Vincent Cassel",85000000,,2007-06-20,871 826,Franchise,Aventure - Action,Etats-Unis,,Steven Soderbergh,,Warner Bros.,Ocean's Thirteen
"Chris Pratt, Glenn Close, Benicio Del Toro, John C. Reilly, Josh Brolin, Bradley Cooper, Vin Diesel",170000000,Tyler Bates,2014-08-13,873 264,Franchise,Science Fiction,Etats-Unis,Kevin Feige,James Gunn,,Walt Disney Pictures,Les Gardiens de la Galaxie
"Ben Affleck, Kate Beckinsale, Josh Hartnett, Dan Aykroyd, Alec Baldwin, Cuba Gooding Jr., Jon Voight, Jennifer Garner",140000000,Hans Zimmer,2001-06-06,866 919,,Guerre,Etats-Unis,Jerry Brukheimer,Michael Bay,,GBVI,Pearl Harbor
"Gérard Depardieu, Miou-Miou, Yolande Moreau",6161776,,1993-09-29,866 956,,Drame,France,Claude Berri,Claude Berri,,AMLF,Germinal
"Matt Damon, Morgan Freeman",60000000,,2010-01-13,866 723,,Drame,Etats-Unis,,Clint Eastwood,,Warner Bros.,Invictus
"Angelina Jolie, Jack Black, Jackie Chan, Dustin Hoffman, Gary Oldman, Manu Payet, Seth Rogen, Jean-Claude Van Damme",150000000,Hans Zimmer,2011-06-15,865 935,Franchise,Animation,Etats-Unis,,,,Paramount,Kung Fu Panda 2
"Robert Downey Jr, Jeff Bridges, Gwyneth Paltrow, Samuel L. Jackson",140000000,,2008-04-30,866 316,Franchise,Comicbook,Etats-Unis,Kevin Feige,Jon Favreau,,SND,Iron Man
"Dany Boon, Marina Foïs, Karin Viard, Pierre Arditi, Patrick Bruel, Emmanuelle Seigner",10858096,,2009-02-18,762 912,,Comédie dramatique,France,,Danièle Thompson,,Studiocanal,Le Code a changé
"Daniel Auteuil, Guillaume Canet",26645866,,2013-03-13,761 958,,Drame,France,,,,Pathé,Jappeloup
Elle Fanning,50000000,,2011-08-03,734 715,,Science Fiction,Etats-Unis,J.J. Abrams,J.J. Abrams,,Paramount,Super 8
Ron Perlman,260000000,,2010-12-01,734 718,,Animation,Etats-Unis,John Lasseter,,,Walt Disney Pictures,Raiponce
Ryan Reynolds,150000000,,2019-05-08,736 574,,Aventure - Action,Etats-Unis,,,,Warner Bros.,Pokémon Détective Pikachu
"Paul Rudd, Michael Douglas, Bill Murray, Michelle Pfeiffer",200000000,,2023-02-15,735 356,Franchise,Comicbook,Etats-Unis,,,,Walt Disney Pictures,Ant-Man et la Guêpe : Quantumania
Jason Statham,129000000,,2023-08-02,696 823,Franchise,Aventure - Action,Etats-Unis,Lorenzo di Bonaventura,,,Warner Bros.,En eaux (très) troubles
"Rowan Atkinson, Sarah Michelle Gellar",52000000,,2002-07-10,700 363,Franchise,Film familial,Etats-Unis,,Raja Gosnell,,Warner Bros.,Scooby-Doo
"Leonardo DiCaprio, Cate Blanchett, Kate Beckinsale, John C. Reilly, Jude Law, Willem Dafoe, Alec Baldwin",112000000,Howard Shore,2005-01-26,640 883,,Drame,Etats-Unis,,Martin Scorsese,,TFM Distribution,Aviator
"Tom Cruise, Rosamund Pike, Robert Duvall",60000000,,2012-12-26,642 306,,Aventure - Action,Etats-Unis,Tom Cruise,Christopher McQuarrie,,Paramount,Jack Reacher
Kevin Spacey,260000000,John Williams,2006-07-12,640 412,,Comicbook,Etats-Unis,,Bryan Singer,,Warner Bros.,Superman Returns
"Mathieu Amalric, Louise Bourgoin, Gilles Lellouche, Jean-Paul Rouve",31940000,Eric Serra,2010-04-14,642 629,,Aventure - Action,France,Luc Besson,Luc Besson,,EuropaCorp,Les Aventures extraordinaires d'Adèle Blanc-Sec
"Michael B. Jordan, Sylvester Stallone",35000000,,2016-01-13,644 093,Franchise,Drame,Etats-Unis,,Ryan Coogler,,Warner Bros.,Creed - L'Héritage de Rocky Balboa
"Benedict Cumberbatch, Colin Firth",90000000,Thomas Newman,2020-01-15,644 738,,Guerre,Grande-Bretagne,,Sam Mendes,,Universal,1917
"Halle Berry, Jeff Bridges, Colin Firth, Julianne Moore, Pedro Pascal, Channing Tatum, Emily Watson",104000000,,2017-10-11,641 173,,Aventure - Action,Etats-Unis,,Matthew Vaughn,,20th Century Fox,Kingsman 2 : Le Cercle d'or
"Vincent Cassel, Marion Cotillard, André Dussollier, Laurent Lafitte, Vincent Lindon",52161991,Hans Zimmer,2015-07-29,641 055,,Animation,France,,,,Paramount,Le Petit Prince
"Josiane Balasko, Alexandra Lamy, Jérôme Commandeur, Mathilde Seigner",8590000,,2016-06-01,643 863,,Comédie,France,,,,Pathé,Retour chez ma mère
"Philippe Lacheau, Didier Bourdon, Gérard Jugnot",18600000,,2019-02-06,630 013,,Aventure - Action,France,,,,Sony Pictures,Nicky Larson et le parfum de Cupidon
"Steve Buscemi, Billy Crystal, Jamel Debbouze, Catherine Deneuve, John Goodman, Helen Mirren",200000000,,2013-07-10,587 446,,Animation,Etats-Unis,John Lasseter,,,Walt Disney Pictures,Monstres Academy
Sharon Stone,24147028,Alexandre Desplat,2011-02-16,587 514,Franchise,Aventure - Action,France,,,,Wild Bunch,Largo Winch 2
"Orlando Bloom, Liam Neeson, Brendan Gleeson, Eva Green, Jeremy Irons, Edward Norton",130000000,,2005-05-04,586 771,,Aventure - Action,Etats-Unis,Ridley Scott,Ridley Scott,,Pathé,Kingdom of Heaven
"Agnès Jaoui, Jean-Pierre Bacri",11733667,,2004-09-22,590 485,,Comédie,France,,Agnès Jaoui,,Mars Distribution,Comme une image
"Arnold Schwarzenegger, Charlton Heston, Bill Paxton, Jamie Lee Curtis",100000000,,1994-10-12,590 566,,Aventure - Action,Etats-Unis,,James Cameron,Remake,20th Century Fox,True Lies
"Sylvester Stallone, Arnold Schwarzenegger, Jason Statham, Antonio Banderas, Harrison Ford, Mel Gibson, Jet Li, Wesley Snipes",90000000,Brian Tyler,2014-08-20,590 362,Franchise,Aventure - Action,Etats-Unis,,,,Metropolitan,The Expendables 3
"Jennifer Lawrence, Chris Pratt, Laurence Fishburne, Andy Garcia",110000000,Thomas Newman,2016-12-28,586 756,,Science Fiction,Etats-Unis,Neal H. Moritz,,,Sony Pictures,Passengers (2016)
"Tom Cruise, Jamie Foxx, Mark Ruffalo, Javier Bardem, Jason Statham",65000000,James Newton Howard,2004-09-29,592 916,,Thriller,Etats-Unis,,Michael Mann,,UIP,Collateral
"Glenn Close, Gérard Depardieu",85000000,,2001-01-31,591 879,Franchise,Film familial,Etats-Unis,,,,GBVI,102 Dalmatiens
Sylvester Stallone,25000000,,1987-04-08,587 748,,Aventure - Action,Etats-Unis,,,,Cannon,Over the Top
"Charlie Sheen, Rowan Atkinson",25000000,,1993-08-25,591 361,Franchise,Comédie,Etats-Unis,,,,20th Century Fox,Hot Shots! 2
"Jean Dujardin, Sandrine Kiberlain, Jérémy Renier",0,,2022-10-05,592 681,,Thriller,France,,Cédric Jimenez,,Studiocanal,Novembre
"Ralph Fiennes, Anthony Hopkins, Edward Norton, Harvey Keitel, Philip Seymour Hoffman, Emily Watson",78000000,Danny Elfman,2002-10-30,590 869,Franchise,Thriller,Etats-Unis,,Brett Ratner,,UIP,Dragon rouge
"Kirsten Dunst, Meg Ryan, Christopher Lloyd, John Cusack",53000000,,1998-02-04,575 804,,Animation,Etats-Unis,,,,UFD,Anastasia
Elle Fanning,26896205,,2016-12-14,542 443,,Animation,France,,,,Gaumont,Ballerina
"Richard Anconina, José Garcia, Vincent Elbaz",3860000,,1997-04-30,542 034,Franchise,Comédie,France,,Thomas Gilou,,AFMD,La Vérité si je mens!
"Jean Dujardin, Gilles Lellouche, Benoît Magimel",22840010,,2014-12-03,521 078,,Thriller,France,,Cédric Jimenez,,Gaumont,La French
"Cécile De France, Jean Dujardin, Emilie Dequenne",15236470,,2013-02-27,506 674,,Thriller,France,,Eric Rochant,,EuropaCorp,Möbius
"Jet Li, Bridget Fonda",20980000,,2001-08-01,505 980,,Aventure - Action,France,Luc Besson,,,EuropaCorp,Le Baiser mortel du dragon
"Matt Damon, Heath Ledger, Monica Bellucci",88000000,,2005-10-05,506 944,,Fantasy,Grande-Bretagne,,Terry Gilliam,,Metropolitan,Les Frères Grimm
"Helena Bonham Carter, Johnny Depp, Emily Watson",30000000,Danny Elfman,2005-10-19,506 716,,Animation,Etats-Unis,,Tim Burton,,Warner Bros.,Les Noces funèbres
"Colin Firth, Geoffrey Rush, Helena Bonham Carter, Guy Pearce",15000000,Alexandre Desplat,2011-02-02,494 161,,Drame,Grande-Bretagne,,,,Wild Bunch,Le Discours d'un roi
Chris Evans,200000000,,2022-06-22,482 715,,Animation,Etats-Unis,,,,Walt Disney Pictures,Buzz l'éclair
"Robert De Niro, Al Pacino, Val Kilmer, Jon Voight, Ashley Judd, Natalie Portman",60000000,,1996-02-21,482 236,,Aventure - Action,Etats-Unis,,Michael Mann,,Warner Bros.,Heat
"Rose Byrne, Margot Robbie",45000000,,2021-06-30,482 349,,Film familial,Etats-Unis,,,,Sony Pictures,Pierre Lapin 2 : Panique en ville
Matt Damon,75000000,,2004-09-08,479 680,Franchise,Aventure - Action,Etats-Unis,Frank Marshall,Paul Greengrass,,UIP,La Mort dans la peau
"Bradley Cooper, Liam Neeson, Jessica Biel",110000000,Alan Silvestri,2010-06-16,469 720,,Aventure - Action,Etats-Unis,Ridley Scott,Joe Carnahan,,20th Century Fox,L'Agence tous risques
"John Travolta, Nicolas Cage",80000000,,1997-09-10,470 941,,Aventure - Action,Etats-Unis,,John Woo,,GBVI,Volte/Face
"Robert De Niro, Tommy Lee Jones, Michelle Pfeiffer",28373701,,2013-10-23,471 021,,Aventure - Action,France,Luc Besson,Luc Besson,,EuropaCorp,Malavita
"Nicolas Cage, Meg Ryan",55000000,,1998-06-24,460 016,,Romance,Etats-Unis,,Brad Silberling,Remake,Warner Bros.,La Cité des anges
Gérard Lanvin,18680216,,2011-11-30,460 207,,Thriller,France,,Olivier Marchal,,Gaumont,Les Lyonnais
Diane Kruger,22890000,,2003-11-19,460 777,,Aventure - Action,France,Pierre-Ange Le Pogam,,,EuropaCorp,Michel Vaillant
"Julia Roberts, Drew Barrymore, Natalie Portman, Edward Norton",20000000,,1997-02-12,462 471,,Comédie,Etats-Unis,,Woody Allen,,Bac Films,Tout le monde dit I Love You
"Alain Chabat, Sandrine Kiberlain, Patrick Bruel",8245979,,2013-04-17,462 231,,Comédie,France,,,,Gaumont,Les Gamins
"Halle Berry, Robert Downey Jr, Penelope Cruz",40000000,,2004-01-07,462 828,,Thriller,Etats-Unis,Joel Silver,Mathieu Kassovitz,,Columbia,Gothika
"Channing Tatum, Joseph Gordon-Levitt, Dennis Quaid, Marlon Wayans, Brendan Fraser",175000000,Alan Silvestri,2009-08-05,463 111,Franchise,Aventure - Action,Etats-Unis,Lorenzo di Bonaventura,Stephen Sommers,,Paramount,G.I. Joe - Le réveil du Cobra
"Tom Cruise, Val Kilmer, Tim Robbins, Meg Ryan",15000000,,1986-09-17,463 027,Franchise,Aventure - Action,Etats-Unis,Jerry Brukheimer,Tony Scott,,UIP,Top Gun
"Robert Downey Jr, Jake Gyllenhaal, Mark Ruffalo, Gary Oldman",85000000,,2007-05-17,462 343,,Thriller,Etats-Unis,,David Fincher,,Warner Bros.,Zodiac
"Robin Williams, Kirsten Dunst",65000000,James Horner,1996-02-14,461 307,,Film familial,Etats-Unis,,Joe Johnston,Remake,Columbia,Jumanji
"Jennifer Aniston, Ben Stiller, Philip Seymour Hoffman, Kevin Hart, Alec Baldwin",42000000,,2004-03-10,461 735,,Romance,Etats-Unis,,,,UIP,Polly et moi
"Kevin Costner, Clint Eastwood",30000000,,1993-12-15,459 900,,Thriller,Etats-Unis,,Clint Eastwood,,Warner Bros.,Un monde parfait
"Anne Heche, Tommy Lee Jones, Don Cheadle",90000000,Alan Silvestri,1997-08-27,450 126,,Catastrophe,Etats-Unis,Neal H. Moritz,,,UFD,Volcano
"Jodie Foster, Denzel Washington, Clive Owen, Willem Dafoe",45000000,,2006-04-12,452 311,,Thriller,Etats-Unis,Brian Grazer,Spike Lee,,UIP,Inside Man
Ron Perlman,195000000,,2023-06-07,451 052,Franchise,Science Fiction,Etats-Unis,Steven Spielberg,,,Paramount,Transformers: Rise Of The Beasts
Sean Connery,78000000,,2003-10-01,453 205,,Aventure - Action,Etats-Unis,,,,UFD,La Ligue des gentlemen extraordinaires
"Russell Crowe, Leonardo DiCaprio",70000000,,2008-11-05,453 376,,Thriller,Etats-Unis,Ridley Scott,Ridley Scott,,Warner Bros.,Mensonges d'Etat
"Harrison Ford, Daniel Craig, Paul Dano, Sam Rockwell",163000000,,2011-08-24,453 467,,Science Fiction,Etats-Unis,Steven Spielberg,Jon Favreau,,Paramount,Cowboys & envahisseurs
"Rooney Mara, Dev Patel, Nicole Kidman",12000000,,2017-02-22,454 909,,Drame,Etats-Unis,,,,SND,Lion
"Jean-Baptiste Lucien, Zabou Breitman, Vincent Elbaz",5904179,,2017-01-18,455 096,,Comédie,France,,JeanBaptiste Lucien,,UGC Distribution,Il a déjà tes yeux
"Romain Duris, Marina Foïs, Niels Arestrup, Catherine Deneuve",9825916,,2010-11-03,454 568,,Thriller,France,Pierre-Ange Le Pogam,Eric Lartigau,,EuropaCorp,L'Homme qui voulait vivre sa vie
"Christian Bale, Liam Neeson, Michael Caine, Morgan Freeman, Cillian Murphy, Gary Oldman",150000000,Hans Zimmer,2005-06-15,452 777,Franchise,Comicbook,Etats-Unis,,Christopher Nolan,,Warner Bros.,Batman Begins
"Dany Boon, Elie Semoun",38000000,,2010-08-11,453 251,,Animation,Belgique,,,,Studiocanal,Le Voyage extraordinaire de Samy
Zac Efron,20000000,,2009-04-22,452 343,,Comédie,Etats-Unis,,,,Metropolitan,17 ans encore
"Angelina Jolie, John Malkovich",55000000,,2008-11-12,452 651,,Thriller,Etats-Unis,Brian Grazer,Clint Eastwood,,Universal,L'Echange
Ralph Fiennes,30000000,,2005-10-12,452 343,,Animation,Grande-Bretagne,,Nick Park,,UIP,Wallace et Gromit: Le Mystère du lapin-garou
"Dany Boon, Vincent Lacoste, Karin Viard, Ramzy Bedia",8361365,,2015-10-28,443 169,,Comédie,France,,,,Mars Distribution,Lolo
"Emily Blunt, Joseph Gordon-Levitt, Bruce Willis, Jeff Daniels, Paul Dano",30000000,,2012-10-31,424 568,,Science Fiction,Etats-Unis,,Rian Johnson,,SND,Looper
"Dany Boon, Charlotte Gainsbourg, Kad Merad",0,,2023-04-19,423 667,,Comédie,France,,Dany Boon,,Pathé,La Vie pour de vrai
Jean-Claude Van Damme,35000000,,1995-04-12,412 978,,Aventure - Action,Etats-Unis,,,,Columbia,"Street Fighter, l'ultime combat"
"Colin Farrell, Mélanie Laurent, Jérémy Renier, Christoph Waltz",100000000,Danny Elfman,2013-05-22,413 571,,Animation,Etats-Unis,,Chris Wedge,,20th Century Fox,Epic : la bataille du royaume secret
Daniel Auteuil,9730000,,2017-11-22,412 414,,Comédie,France,,Yvan Attal,,Pathé,Le Brio
"José Garcia, Lambert Wilson",19000000,,2004-05-19,413 755,Franchise,Comédie,France,,Fabien Onteniente,,SND,People Jet Set 2
"Tom Hanks, Meg Ryan, Greg Kinnear",65000000,,1999-01-20,405 103,,Romance,Etats-Unis,,Nora Ephron,Remake,Warner Bros.,Vous avez un message
"Bérénice Bejo, Romain Duris, Miou-Miou",14712261,,2012-11-28,406 295,,Comédie,France,Alain Attal,,,Mars Distribution,Populaire
"Patrick Bruel, Kev Adams, Bernard Campan, Christian Clavier, Elsa Zylberstein",18178988,,2017-01-18,406 076,,Drame,France,,,,Gaumont,Un sac de billes (2017)
"Famke Janssen, Josh Hartnett, Salma Hayek, Elijah Wood",15000000,,1999-06-02,407 873,,Horreur,Etats-Unis,,Robert Rodriguez,,Bac Films,The Faculty
"Mélanie Laurent, François Berléand, Miou-Miou, Ramzy Bedia",13200000,,2009-11-04,390 181,,Drame,France,Alain Attal,,,EuropaCorp,Le Concert
"Morgan Freeman, John Malkovich, Bruce Willis, Richard Dreyfuss, Helen Mirren",58000000,,2010-11-17,389 852,,Thriller,Etats-Unis,Lorenzo di Bonaventura,,,SND,Red
"Gene Hackman, Russell Crowe, Sharon Stone, Leonardo DiCaprio, Gary Sinise",32000000,Alan Silvestri,1995-06-21,388 852,,Western,Etats-Unis,,Sam Raimi,,Columbia,Mort ou vif
"Hugh Jackman, Jean Reno, Ian McKellen, Lambert Wilson, Kate Winslet",149000000,,2006-11-29,374 153,,Animation,Etats-Unis,,,,UIP,Souris City
"Julia Roberts, Brad Pitt, Gene Hackman",40000000,Alan Silvestri,2001-04-25,374 470,,Aventure - Action,Etats-Unis,,Gore Verbinski,,UIP,Le Mexicain
"Julia Roberts, Denzel Washington",46000000,James Horner,1994-03-16,374 946,,Thriller,Etats-Unis,,Alan J. Pakula,,Warner Bros.,L'Affaire Pélican
"Jennifer Aniston, Owen Wilson",60000000,,2009-03-04,357 977,,Comédie,Etats-Unis,,,,20th Century Fox,Marley & Moi
"Mel Gibson, Sophie Marceau, Brendan Gleeson",72000000,James Horner,1995-10-04,355 642,,Aventure - Action,Etats-Unis,,Mel Gibson,,UFD,Braveheart
"Richard Gere, Renee Zellweger, Catherine Zeta Jones, - Queen Latifah, John C. Reilly",45000000,Danny Elfman,2003-02-26,358 350,,Musical,Etats-Unis,,Rob Marshall,,TFM Distribution,Chicago
Bruce Willis,70000000,,1990-10-03,343 054,Franchise,Aventure - Action,Etats-Unis,Joel Silver,Renny Harlin,,20th Century Fox,58 minutes pour vivre
"Romain Duris, Fabrice Luchini, Ludivine Sagnier, Edouard Baer, François Civil",11581667,,2007-01-31,341 820,,Comédie,France,,Laurent Tirard,,Wild Bunch,Molière
"Elodie Bouchez, Catherine Deneuve, Samy Nacéri, Jean-Paul Rouve, Romain Duris",10230000,,2001-10-17,343 523,,Fantasy,France,,Olivier Dahan,,Bac Films,Le Petit Poucet
"Denzel Washington, Bruce Willis, Annette Bening",70000000,,1998-12-16,336 394,,Aventure - Action,Etats-Unis,,Edward Zwick,,UFD,Couvre-feu
"Colin Farrell, Anthony Hopkins",30000000,,2015-09-09,329 959,,Thriller,Etats-Unis,,,,SND,Prémonitions
"Jennifer Love Hewitt, Virginie Efira, Bill Murray",50000000,,2004-08-11,330 637,Franchise,Film familial,Etats-Unis,,,,UFD,"Garfield, le film"
"François Cluzet, Gad Elmaleh, Vanessa Paradis, Ludivine Sagnier",28219969,,2011-10-12,330 502,,Animation,France,,,,EuropaCorp,Un monstre à Paris
"Pierce Brosnan, Ewan McGregor",29616354,Alexandre Desplat,2010-03-03,323 969,,Thriller,France,,Roman Polanski,,Pathé,The Ghost Writer
"Tom Cruise, Gene Hackman, Ed Harris, Holly Hunter",42000000,,1993-09-15,323 950,,Thriller,Etats-Unis,,Sydney Pollack,,UIP,La Firme
John C. Reilly,165000000,,2012-12-05,318 656,,Animation,Etats-Unis,John Lasseter,,,Walt Disney Pictures,Les Mondes de Ralph
Sylvester Stallone,25000000,,1983-01-26,317 821,Franchise,Aventure - Action,Etats-Unis,,Sylvester Stallone,,AAA,Rocky III : L'Œil du tigre
Viola Davis,40000000,,2006-02-22,317 867,,Drame,Etats-Unis,,Jim Sheridan,,UIP,Réussir ou mourir
Ryan Gosling,59000000,,2018-10-17,318 668,,Drame,Etats-Unis,Steven Spielberg,Damien Chazelle,,Universal,First Man - le premier homme sur la Lune
"Keanu Reeves, Bridget Fonda",0,,1993-12-01,308 659,,Drame,Etats-Unis,,Bernardo Bertolucci,,AMLF,Little Buddha
"François Cluzet, Emmanuelle Béart",5190000,,1994-02-16,309 966,,Drame,France,,Claude Chabrol,,MKL,L'Enfer
Alban Ivanov,3986928,,2017-03-01,309 303,,Comédie dramatique,France,,,,Gaumont,Patients
"Sandra Bullock, Ryan Reynolds",40000000,,2009-09-23,303 534,,Romance,Etats-Unis,,,,Walt Disney Pictures,La Proposition (2009)
Sylvester Stallone,50000000,Brian Tyler,2019-09-25,303 489,Franchise,Aventure - Action,Etats-Unis,,,,Metropolitan,Rambo: Last Blood
"Cécile De France, Vincent Lindon",12749721,,2004-11-10,303 325,,Comédie,France,,Etienne Chatiliez,,UFD,La Confiance règne
"Daniel Auteuil, François Berléand, Gérard Jugnot, Zabou Breitman",12561869,,2015-04-22,301 214,,Comédie,France,,Olivier Baroux,,Pathé,Entre amis
"Jason Bateman, Simon Pegg, Sigourney Weaver, Kristen Wiig, Seth Rogen",40000000,,2011-03-02,301 620,,Comédie,Grande-Bretagne,,,,Universal,Paul
"Mira Sorvino, Helena Bonham Carter",15000000,,1996-02-14,300 657,,Comédie,Etats-Unis,,Woody Allen,,GBVI,Maudite Aphrodite
"Christian Clavier, Mathilde Seigner",11823297,,2019-07-03,300 924,,Comédie,France,,,,Gaumont,Ibiza
Jake Gyllenhaal,32000000,,2011-04-20,300 899,,Science Fiction,Etats-Unis,,,,SND,Source Code
"Fabrice Luchini, Lambert Wilson, Laure Calamy",7056404,,2013-01-16,301 129,,Comédie,France,,,,Pathé,Alceste à bicyclette
"Elie Semoun, Gérard Jugnot",9900000,,2022-07-13,295 230,Franchise,Film familial,France,,,,UGC Distribution,Ducobu Président !
"Bernard Campan, Gérard Depardieu, Monica Bellucci, Edouard Baer, Jean-Pierre Darroussin",10000000,,2005-10-26,294 836,,Comédie,France,,Bertrand Blier,,Pan-Européenne,Combien tu m'aimes?
"Hugh Grant, Liam Neeson, Colin Firth, Keira Knightley, Alan Rickman, Emma Thompson, Rowan Atkinson, Denise Richards",50400000,,2003-12-03,290 429,,Romance,Grande-Bretagne,,Richard Curtis,,Mars Distribution,Love Actually
"Yvan Attal, Charlotte Gainsbourg",9220000,,2019-10-30,290 256,,Comédie,France,,Yvan Attal,,Studiocanal,Mon chien Stupide
George Clooney,35000000,,2012-01-25,286 081,,Comédie dramatique,Etats-Unis,,Alexander Payne,,20th Century Fox,The Descendants
"Rose Byrne, Jackie Chan, Ice Cube, Seth Rogen, Paul Rudd",70000000,,2023-08-09,281 644,,Animation,Etats-Unis,,,,Paramount,Ninja Turtles Teenage Years
"George Clooney, Ryan Gosling, Paul Giamatti, Philip Seymour Hoffman",37000000,Alexandre Desplat,2011-10-26,282 054,,Drame,Etats-Unis,,George Clooney,,Metropolitan,Les Marches du Pouvoir
"Ramzy Bedia, Eric Judor, Ewan McGregor",35000000,,2005-03-30,282 510,,Animation,Etats-Unis,,,,SND,Vaillant pigeon de combat!
"Leïla Bekhti, Elodie Bouchez, Adèle Exarchopoulos, Jean-Pierre Darroussin, Gilles Lellouche, Miou-Miou, Denis Podalydès",0,,2023-03-29,282 292,,Drame,France,Alain Attal,,,Studiocanal,Je verrai toujours vos visages
"Johnny Depp, Heather Graham",35000000,,2002-01-30,281 170,,Thriller,Etats-Unis,,Albert Hughes,,UFD,From Hell
"Jack Nicholson, Greg Kinnear, Helen Hunt, Cuba Gooding Jr.",50000000,Hans Zimmer,1998-02-18,281 023,,Comédie,Etats-Unis,,James L. Brooks,,Columbia,Pour le pire et pour le meilleur
"Luke Evans, Helen Mirren, Cillian Murphy",30690000,Eric Serra,2019-07-10,280 773,,Thriller,France,Luc Besson,Luc Besson,,Pathé,Anna (2019)
Matt Damon,48000000,Hans Zimmer,2002-10-09,280 522,,Animation,Etats-Unis,,,,UIP,"Spirit, l'étalon des plaines"
"Tom Hanks, Philip Seymour Hoffman, Julia Roberts, Amy Adams, Emily Blunt",75000000,James Newton Howard,2008-01-16,280 835,,Comédie dramatique,Etats-Unis,,Mike Nichols,,Paramount,La Guerre selon Charlie Wilson
Gilles Lellouche,8430000,,2019-02-27,280 808,,Comédie dramatique,France,,,,Mars Distribution,Jusqu'ici tout va bien
"Colin Firth, Gary Oldman, Benedict Cumberbatch, Tom Hardy",17490238,,2012-02-08,277 172,,Thriller,Grande-Bretagne,,,,Steward,La Taupe
"Ed Harris, Viggo Mortensen",32000000,Howard Shore,2005-11-02,277 394,,Thriller,Etats-Unis,,David Cronenberg,,Metropolitan,A History of Violence
"Jim Carrey, Anthony Hopkins, Bryce Dallas Howard",123000000,James Horner,2000-12-06,277 456,,Comédie,Etats-Unis,Brian Grazer,Ron Howard,,UIP,Le Grinch
"Ben Affleck, Morgan Freeman, Liev Schreiber",68000000,Jerry Goldsmith,2002-07-24,272 609,Franchise,Aventure - Action,Etats-Unis,,,,UIP,La Somme de toutes les peurs
Vin Diesel,56000000,,2005-06-08,272 617,,Film familial,Etats-Unis,,,,Walt Disney Pictures,Baby-sittor
"Denzel Washington, Mila Kunis, Gary Oldman",80000000,,2010-01-20,272 763,,Aventure - Action,Etats-Unis,Joel Silver,Albert Hughes,,Metropolitan,Le Livre d'Eli
"Ralph Fiennes, Liam Neeson",22000000,John Williams,1994-03-02,273 316,,Drame,Etats-Unis,Steven Spielberg,Steven Spielberg,,UIP,La Liste de Schindler
Kate Beckinsale,70000000,,2012-02-08,270 145,Franchise,Fantasy,Etats-Unis,,,,SND,Underworld : nouvelle ère
Morgan Freeman,68000000,James Newton Howard,2003-04-16,270 171,,Horreur,Etats-Unis,,Lawrence Kasdan,,Warner Bros.,"Dreamcatcher, l'attrape-rêves"
Kiefer Sutherland,35000000,,2008-09-10,270 459,,Horreur,Etats-Unis,,Alexandre Aja,,20th Century Fox,Mirrors
Jean-Claude Van Damme,15000000,,1993-11-17,270 535,,Aventure - Action,Etats-Unis,Sam Raimi,John Woo,,UIP,Chasse à l'homme
"Vin Diesel, Michael Caine, Elijah Wood",90000000,,2015-10-28,261 102,,Fantasy,Etats-Unis,,,,SND,Le Dernier chasseur de sorcières
"Louise Bourgoin, Gilles Lellouche, Manu Payet",9552512,,2017-04-19,261 235,,Comédie,France,,Dominique Farrugia,,EuropaCorp,Sous le même toit
"Jérôme Commandeur, François Damiens, Benoît Magimel",14470000,,2022-10-12,257 163,,Aventure - Action,France,,,,Pathé,Jack Mimoun et les secrets de Val Verde
Franck Dubosc,10070000,,2023-04-12,256 753,,Comédie,France,,,,Studiocanal,10 jours encore sans maman
"Hugh Grant, Sandra Bullock",60000000,,2003-02-19,252 238,,Romance,Etats-Unis,,,,Warner Bros.,L'Amour sans préavis
Vin Diesel,38000000,,2013-09-18,254 478,Franchise,Science Fiction,Etats-Unis,Vin Diesel,David Twohy,,Metropolitan,Riddick
"Nicolas Cage, Guy Pearce",30000000,,2012-01-04,253 128,,Thriller,Etats-Unis,,,,SND,Le Pacte
"Jack Black, Robert Downey Jr, Ben Stiller, Tom Cruise, Matthew McConaughey, Nick Nolte, Tobey Maguire, Jon Voight",92000000,,2008-10-15,249 246,,Comédie,Etats-Unis,,,,Paramount,Tonnerre sous les Tropiques
Vincent Perez,35000000,,2002-06-19,248 920,,Thriller,Etats-Unis,,,,Warner Bros.,La Reine des damnés
"Omar Sy, Franck Gastambide",15370000,,2018-10-17,248 868,,Comédie,France,,,,Metropolitan,Le Flic de Belleville
"Gerard Butler, Jodie Foster",37000000,,2008-04-09,243 392,,Film familial,Etats-Unis,,,,SND,L'Ile de Nim
"Jack Black, Cate Blanchett",42000000,,2018-09-26,243 245,,Fantasy,Etats-Unis,,Eli Roth,,Universal,La Prophétie de l'horloge
"John Goodman, Justin Timberlake, Adam Driver",0,,2013-11-06,244 108,,Comédie dramatique,Etats-Unis,,Joel Coen,,Studiocanal,Inside Llewyn Davis
"Hugh Grant, Sarah Jessica Parker",58000000,,2010-01-20,244 156,,Romance,Etats-Unis,,,,Sony Pictures,Où sont passés les Morgan ?
"Leonardo DiCaprio, Kate Winslet, Bill Paxton",200000000,James Horner,2023-02-08,242 859,,Drame,Etats-Unis,,James Cameron,,Walt Disney Pictures,Titanic (25th Anniversary)
Jamie Lee Curtis,26000000,,2003-12-24,243 106,,Film familial,Etats-Unis,,,Remake,GBVI,Freaky Friday - Dans la peau de ma mère
"Heath Ledger, Colin Farrell, Johnny Depp, Andrew Garfield, Jude Law",30000000,,2009-11-11,240 437,,Fantasy,Etats-Unis,,Terry Gilliam,,Metropolitan,L'Imaginarium du Docteur Parnassus
"Sam Rockwell, Helen Mirren",50000000,,2005-08-17,240 257,,Comédie,Etats-Unis,,,,Walt Disney Pictures,H2G2: Le Guide du voyageur galactique
"Jacques Gamblin, Sandrine Bonnaire",570032,,1999-01-13,240 122,,Thriller,France,,Claude Chabrol,,MK2 Diffusion,Au cœur du mensonge
Jared Leto,14000000,,1999-03-24,240 150,Franchise,Horreur,Etats-Unis,Neal H. Moritz,,,Columbia,Urban Legend
"Robin Williams, Philip Seymour Hoffman",50000000,,1999-04-07,233 396,,Comédie,Etats-Unis,,Tom Shadyac,,UIP,Docteur Patch
"Vincent Elbaz, Benoît Poelvoorde, Karin Viard",15155326,,2008-04-09,233 599,Franchise,Comédie,France,,,,TFM Distribution,Les Randonneurs à Saint-Tropez
"Didier Bourdon, Lorant Deutsch, Denis Podalydès, Elie Semoun",7172497,,2015-02-11,233 221,,Comédie,France,,,Remake,SND,Un Village presque parfait
"Anna Faris, Scarlett Johansson, Bill Murray",4000000,,2004-01-07,227 258,,Comédie,Etats-Unis,,Sofia Coppola,,Pathé,Lost in Translation
"Mathieu Amalric, Gilles Lellouche, André Dussollier, Nicole Garcia, Karin Viard",11245889,,2015-10-14,227 314,,Comédie dramatique,France,,JeanPaul Rappeneau,,ARP Selection,Belles familles
"Clint Eastwood, Meryl Streep",22000000,,1995-09-06,222 900,,Drame,Etats-Unis,Kathleen Kennedy,Clint Eastwood,,Warner Bros.,Sur la route de Madison
"Gérard Depardieu, Fanny Ardant, Emmanuelle Béart",7345375,,2004-01-07,222 987,,Drame,France,,Anne Fontaine,Remake,Mars Distribution,Nathalie
"Sabine Azéma, André Dussollier, Isabelle Carré, Lambert Wilson, Pierre Arditi",10850000,,2006-11-22,223 082,,Drame,France,,Alain Resnais,,Mars Distribution,Cœurs
Kristin Scott Thomas,21748367,,2005-04-13,223 079,,Drame,France,,Régis Wargnier,,ARP Selection,Man To Man
Forest Whitaker,35000000,,1995-09-27,223 019,,Science Fiction,Etats-Unis,,,,UIP,La Mutante
"Cameron Diaz, Jason Segel",40000000,,2014-09-10,220 764,,Comédie,Etats-Unis,,,,Sony Pictures,Sex Tape
Eddie Murphy,70000000,,2001-08-01,220 499,Franchise,Film familial,Etats-Unis,,,,UFD,Dr. Dolittle 2
"Orlando Bloom, Luke Evans, Milla Jovovich, Mads Mikkelsen, Christoph Waltz",58477176,,2011-10-12,220 403,,Aventure - Action,Etats-Unis,,Paul W.S. Anderson,,UGC Distribution,Les Trois Mousquetaires (2011)
"Anne Hathaway, Steve Carell, Dwayne Johnson, Bill Murray",80000000,,2008-09-10,220 612,,Comédie,Etats-Unis,,Peter Segal,,Warner Bros.,Max la menace
"Liam Neeson, Ed Harris",50000000,- Junkie XL,2015-03-11,213 970,,Aventure - Action,Etats-Unis,,Jaume ColletSerra,,Warner Bros.,Night Run
"Jennifer Connelly, John C. Reilly, Elijah Wood",33000000,,2009-08-19,213 882,,Animation,Etats-Unis,,,,SND,Numéro 9
Isabelle Huppert,8100000,,2012-10-24,214 179,,Drame,France,,Michael Haneke,,Films du Losange,Amour
Louise Bourgoin,4200000,,2018-03-28,214 219,,Comédie,France,,,,SND,"Les dents, pipi et au lit"
"Johnny Hallyday, Ramzy Bedia, Béatrice Dalle, Jean Dujardin, Christophe Lambert, Vincent Perez, Mathilde Seigner, Elsa Zylberstein",7533419,,2017-03-15,207 383,,Comédie,France,,Claude Lelouch,,Metropolitan,Chacun sa vie
Anna Faris,78000000,,2014-02-05,207 249,,Animation,Etats-Unis,,,,Sony Pictures,Tempête de boulettes géantes 2 - L'île des Miam-nimaux
Halle Berry,136000000,,2022-02-09,207 212,,Science Fiction,Etats-Unis,,Roland Emmerich,,Metropolitan,Moonfall
"Robert Redford, Dan Aykroyd",23000000,James Horner,1993-01-06,207 239,,Thriller,Etats-Unis,,,,UIP,Les Experts
Tim Allen,0,,2013-02-20,201 333,,Documentaire,Etats-Unis,,,,Walt Disney Pictures,Chimpanzés
"Shia LaBeouf, Viola Davis, Carrie-Anne Moss",20000000,,2007-08-22,201 177,,Thriller,Etats-Unis,,D.J. Caruso,,Paramount,Paranoiak
"Yvan Attal, Sergi Lopez, Kristin Scott Thomas, Jonathan Cohen",3776538,,2009-08-12,201 242,,Drame,France,,,,Pyramide,Partir
"Jonathan Rhys Meyers, John Travolta",42000000,,2010-02-17,201 554,,Aventure - Action,France,Luc Besson,Pierre Morel,,EuropaCorp,From Paris With Love
"Richard Gere, Sharon Stone",0,James Newton Howard,1994-04-13,198 526,,Drame,Etats-Unis,,,Remake,UIP,Intersection
"Sylvester Stallone, Arnold Schwarzenegger, Jim Caviezel, Sam Neill",70000000,,2013-11-13,196 671,,Aventure - Action,Etats-Unis,,,,SND,Evasion
"Isabelle Carré, Agnès Jaoui, Denis Podalydès",5230000,,2012-08-22,196 686,,Comédie dramatique,France,,,,Gaumont,Du Vent dans mes mollets
"Samuel Le Bihan, Juliette Binoche",0,,1994-09-14,196 535,Franchise,Drame,France,,,,MKL,Trois couleurs: Rouge
"Colin Farrell, Ewan McGregor",9000000,,2007-10-31,196 577,,Comédie dramatique,Etats-Unis,,Woody Allen,,TFM Distribution,Le Rêve de Cassandre
"Idris Elba, Matthew McConaughey",60000000,- Junkie XL,2017-08-09,193 407,,Fantasy,Etats-Unis,Ron Howard,,,Sony Pictures,La Tour sombre
Jean Reno,8006013,,2015-08-19,193 422,,Aventure - Action,France,,,,SND,Antigang
Jean-Pierre Darroussin,3732376,,2017-11-29,193 463,,Drame,France,,Robert Guédiguian,,Diaphana,La Villa
"François-Xavier Demaison, Philippe Lacheau, Sylvie Testud",6896779,,2017-04-26,190 886,,Comédie,France,,,,Gaumont,Jour J
"Louise Bourgoin, Pio Marmaï, Josiane Balasko",11470000,,2011-09-28,190 939,,Comédie,France,,,,Gaumont,Un heureux événement
"Jamie Lee Curtis, Kevin Kline",0,Jerry Goldsmith,1997-02-19,191 132,,Comédie,Etats-Unis,,,,UIP,Créatures féroces
"Jennifer Garner, Mark Ruffalo",37000000,,2004-08-04,190 937,,Romance,Etats-Unis,,,,Gaumont Sony,30 ans sinon rien
"Antonio Banderas, Steve Buscemi, Bill Paxton",30000000,,2003-01-01,187 008,Franchise,Film familial,Etats-Unis,,Robert Rodriguez,,GBVI,Spy Kids 2 Espions en herbe
"Adam Driver, Bill Murray, Steve Buscemi, Danny Glover",0,,2019-05-15,186 806,,Comédie,Etats-Unis,,Jim Jarmusch,,Universal,The Dead Don't Die
Virginie Ledoyen,5320000,,2004-06-23,186 799,,Thriller,France,,,,ARP Selection,Saint Ange
Jack Black,58000000,Danny Elfman,2016-02-10,184 400,,Fantasy,Etats-Unis,Neal H. Moritz,,,Sony Pictures,Chair de poule (2016)
"Rowan Atkinson, Rosamund Pike",45000000,,2011-10-19,184 368,Franchise,Comédie,Grande-Bretagne,,,,Studiocanal,"Johnny English, le retour"
"Carole Bouquet, Hugh Grant",4690000,,2005-06-01,184 154,,Comédie,France,,,,Pyramide,Travaux on sait quand ça commence
Samuel L. Jackson,8500000,,2008-08-27,184 563,,Animation,Etats-Unis,,,,Warner Bros.,Star Wars : La Guerre des Clones
"Jean-Pierre Darroussin, Pierre Niney",4200000,,2011-11-16,182 538,,Drame,France,,Robert Guédiguian,,Diaphana,Les Neiges du Kilimandjaro
"Philip Seymour Hoffman, Kenneth Branagh, Emma Thompson",50000000,,2009-05-06,182 517,,Comédie,Grande-Bretagne,,Richard Curtis,,Studiocanal,Good morning England
"Jean-Pierre Bacri, Léa Drucker, Agnès Jaoui",6850000,,2018-04-18,182 458,,Comédie,France,,,,Le Pacte,Place publique
"Richard Gere, Helen Hunt, Kate Hudson, Liv Tyler",12000000,,2001-01-03,180 321,,Romance,Etats-Unis,,Robert Altman,,SND,Docteur T. & les femmes
"Holly Hunter, Sigourney Weaver",20000000,,1996-04-03,180 401,,Thriller,Etats-Unis,,Jon Amiel,,Warner Bros.,Copycat
"Cameron Diaz, Jason Bateman",43000000,,2002-07-17,178 361,,Romance,Etats-Unis,,,,Columbia,Allumeuses!
"Rose Byrne, Anna Faris",12761264,,2013-04-10,178 208,,Romance,Grande-Bretagne,,,,Studiocanal,Mariage à l'anglaise
"Jim Carrey, Courteney Cox",14500000,,1995-03-29,178 126,Franchise,Comédie,Etats-Unis,,Tom Shadyac,,AMLF,Ace Ventura
"Ludivine Sagnier, Kristin Scott Thomas",6970000,,2010-08-18,176 475,,Drame,France,,Alain Corneau,Remake,UGC Distribution,Crime d'amour
"Colin Firth, Emma Thompson",34000000,,2006-02-08,173 666,Franchise,Film familial,Grande-Bretagne,,,,Mars Distribution,Nanny McPhee
"Gerard Butler, Aaron Eckhart, Angela Basset, Morgan Freeman, Ashley Judd",70000000,,2013-03-20,173 658,Franchise,Thriller,Etats-Unis,,Antoine Fuqua,,SND,La Chute de la Maison Blanche
Jessica Chastain,19000000,,2014-12-31,173 590,,Thriller,Etats-Unis,,,,Studiocanal,A Most Violent Year
Christopher Lloyd,33000000,Jerry Goldsmith,1993-08-18,169 424,,Film familial,Etats-Unis,,,,Warner Bros.,Dennis la malice
Kate Beckinsale,35000000,,2017-02-15,169 417,Franchise,Fantasy,Etats-Unis,,,,Sony Pictures,Underworld: Blood Wars
"Kevin Costner, Demi Moore",20000000,,2007-08-29,169 740,,Thriller,Etats-Unis,,,,Fabrique de Films,Mr. Brooks
"John Travolta, Samuel L. Jackson",50000000,,2003-05-28,167 702,,Aventure - Action,Etats-Unis,,John McTiernan,,SND,Basic
"Keira Knightley, Judi Dench, Rosamund Pike",28000000,,2006-01-18,167 705,,Romance,Grande-Bretagne,,,,Mars Distribution,Orgueil et préjugés
"Diane Kruger, Virginie Ledoyen, Léa Seydoux",7500000,,2012-03-21,165 380,,Drame,France,,Benoît Jacquot,,Ad vitam,Les Adieux à la reine
John Malkovich,35000000,,2013-03-20,165 439,,Fantasy,Etats-Unis,,,,Metropolitan,Warm Bodies
"Jeff Bridges, George Clooney, Ewan McGregor, Kevin Spacey",25000000,,2010-03-10,165 394,,Comédie,Etats-Unis,,,,Sony Pictures,Les Chèvres du Pentagone
Emily Watson,40000000,James Newton Howard,2008-02-13,161 685,,Fantasy,Etats-Unis,,,,Sony Pictures,Le Dragon des mers - la dernière légende
"Romain Duris, John Malkovich",10520000,Alexandre Desplat,2009-01-14,161 400,,Thriller,France,,,,Mars Distribution,Et après
"Michelle Pfeiffer, Bruce Willis",50000000,,2000-05-24,161 639,,Romance,Etats-Unis,,Rob Reiner,,Warner Bros.,Une vie à deux
Pierre Niney,9474971,,2016-09-07,161 533,,Drame,France,,François Ozon,,Mars Distribution,Frantz
Jessica Chastain,55000000,,2015-10-14,156 318,,Horreur,Etats-Unis,,Guillermo Del Toro,,Universal,Crimson Peak
"Antonio Banderas, Ray Liotta",0,,2006-07-05,156 849,,Drame,Etats-Unis,,,,Metropolitan,Dance with me
Christophe Lambert,25000000,,2001-05-02,152 422,Franchise,Fantasy,Etats-Unis,,,,Bac Films,Highlander Endgame
"Jesse Eisenberg, Woody Harrelson, Emma Stone, Bill Murray",24000000,,2009-11-25,152 630,,Comédie,Etats-Unis,,,,Sony Pictures,Bienvenue à Zombieland
"Mira Sorvino, Josh Brolin",25000000,,1997-09-24,152 877,,Horreur,Etats-Unis,,Guillermo Del Toro,,Bac Films,Mimic
Milla Jovovich,50000000,,2019-05-08,152 683,,Comicbook,Etats-Unis,,,,Metropolitan,Hellboy (2019)
"Pierce Brosnan, Woody Harrelson, Salma Hayek, Don Cheadle",58000000,,2005-02-09,149 585,,Aventure - Action,Etats-Unis,,Brett Ratner,,Metropolitan,Coup d'éclat
Chris Hemsworth,38000000,Hans Zimmer,2013-09-25,149 696,,Aventure - Action,Etats-Unis,Brian Grazer,Ron Howard,,Pathé,Rush (2013)
Jamie Lee Curtis,75000000,,1999-02-17,149 420,,Aventure - Action,Etats-Unis,,,,UFD,Virus
Nicolas Cage,50000000,,2011-03-23,145 778,,Aventure - Action,Etats-Unis,,,,Metropolitan,Hell Driver
"Marion Cotillard, Joaquin Phoenix, Jeremy Renner",16500000,,2013-11-27,146 077,,Drame,Etats-Unis,,James Gray,,Wild Bunch,The Immigrant
"Emilie Dequenne, André Dussollier",5306900,,2017-02-22,144 010,,Drame,France,,,,Le Pacte,Chez Nous
"Gérard Depardieu, Emmanuelle Seigner",10733783,,2012-12-26,143 987,,Drame,France,,,,EuropaCorp,L'Homme qui rit
"Julianne Moore, Gary Sinise",42000000,James Horner,2004-12-01,144 152,,Thriller,Etats-Unis,,,,Gaumont Sony,Mémoire effacée
"Kate Hudson, Anne Hathaway, Chris Pratt",30000000,,2009-02-11,144 059,,Comédie,Etats-Unis,,,,20th Century Fox,Meilleures ennemies
"Adam Sandler, Steve Buscemi",34200000,,1999-09-22,141 577,,Comédie,Etats-Unis,Adam Sandler,Dennis Dugan,,Columbia,Big Daddy
"Ralph Fiennes, Rooney Mara, Matthew McConaughey, Charlize Theron",60000000,,2016-09-21,142 109,,Animation,Etats-Unis,,,,Universal,Kubo et l'armure magique
"Vincent Lindon, Léa Seydoux, Vincent Lacoste",7471369,,2015-04-01,140 593,,Drame,France,,Benoît Jacquot,,Mars Distribution,Journal d’une femme de chambre
"Richard Gere, Edward Norton, Frances McDormand",30000000,James Newton Howard,1996-06-05,140 697,,Thriller,Etats-Unis,,,,UIP,Peur primale
"Jeff Bridges, Ryan Reynolds, Kevin Bacon",154000000,,2013-07-31,138 878,,Comicbook,Etats-Unis,Neal H. Moritz,,,Universal,R.I.P.D. Brigade Fantôme
"Denzel Washington, Angela Basset, Matt Dillon",25000000,,1993-02-24,138 929,,Drame,Etats-Unis,,Spike Lee,,AMLF,Malcolm X
"Jeff Bridges, Pierce Brosnan",42000000,,1997-01-15,136 882,,Romance,Etats-Unis,,,Remake,Columbia,Leçons de séduction
"Casey Affleck, John Goodman",25000000,,2012-08-22,137 124,,Animation,Etats-Unis,,,,Universal,L'Etrange pouvoir de Norman
Zach Galifianakis,0,,2021-10-20,137 238,,Animation,Etats-Unis,,,,Walt Disney Pictures,Ron débloque
"Camille Cottin, Matt Damon",20000000,,2021-09-22,135 483,,Thriller,Etats-Unis,,,,Universal,Stillwater
"Alexandra Lamy, Sergi Lopez",6326527,,2009-02-11,135 612,,Comédie dramatique,France,,François Ozon,,Le Pacte,Ricky
"Kad Merad, Pascal Elbé, Thierry Lhermitte",10250000,,2019-04-17,133 641,,Comédie,France,,Olivier Baroux,Remake,Mars Distribution,Just a gigolo
"Daniel Day-Lewis, Michelle Pfeiffer, Winona Ryder",34000000,,1993-09-22,133 540,,Romance,Etats-Unis,,Martin Scorsese,,Columbia,Le Temps de l'innocence
"Al Pacino, Winona Ryder",0,,2002-09-18,133 661,,Comédie,Etats-Unis,,Andrew Niccol,,Metropolitan,S1m0ne
"Jennifer Aniston, Kate Hudson, Julia Roberts, Jennifer Garner",25000000,,2016-05-25,133 690,,Comédie,Etats-Unis,,Gary Marshall,,UGC Distribution,Joyeuse Fête des Mères
Sacha Baron Cohen,42000000,,2009-07-22,133 801,,Comédie,Etats-Unis,,,,Sony Pictures,Brüno
"Josh Brolin, Benicio Del Toro",35000000,,2018-06-27,133 856,,Thriller,Etats-Unis,,,,Metropolitan,Sicario La Guerre des Cartels
Isabelle Carré,0,,2021-09-08,130 477,,Comédie,France,,,,SND,Delicieux
"Mike Myers, Christopher Walken, Drew Barrymore, Kim Basinger, Charlton Heston",0,,1994-04-06,130 306,Franchise,Comédie,Etats-Unis,,,,UIP,Wayne's World 2
Adèle Exarchopoulos,4540000,,2021-05-19,130 505,,Comédie,France,,Quentin Dupieux,,Memento Films,Mandibules
Gerard Butler,30000000,,2018-02-21,130 352,,Aventure - Action,Etats-Unis,,,,Metropolitan,Criminal Squad
Mike Myers,14000000,,1992-10-28,130 306,Franchise,Comédie,Etats-Unis,,,,UIP,Wayne's World
Josh Hartnett,30000000,,2008-01-09,130 527,,Horreur,Etats-Unis,Sam Raimi,,,SND,30 jours de nuit
Jamie Lee Curtis,20000000,,2021-10-20,128 699,Franchise,Horreur,Etats-Unis,,,,Universal,Halloween Kills
"Julianne Moore, Clive Owen, Michael Caine",72000000,,2006-10-18,128 672,,Science Fiction,Etats-Unis,,Alfonso Cuaron,,UIP,Les Fils de l'homme
"Sarah Jessica Parker, Pierce Brosnan, Greg Kinnear",24000000,,2011-09-21,128 970,,Comédie,Etats-Unis,,,,SND,Mais comment font les femmes ?
Guillaume Canet,238964,,2023-09-20,128 852,,Drame,France,,,,Pathé,Acide
"Jonathan Cohen, Manu Payet",6000000,,2018-06-27,126 231,,Comédie,France,,,,Warner Bros.,Budapest
"Keira Knightley, Mark Ruffalo",0,,2014-07-30,125 665,,Comédie dramatique,Etats-Unis,Judd Apatow,,,UGC Distribution,New York Melody
"Orlando Bloom, Noomi Rapace, Toni Collette, Michael Douglas, John Malkovich",0,,2017-05-31,122 691,,Thriller,Etats-Unis,,Michael Apted,,Paramount,Conspiracy
"Anne Heche, Denzel Washington, Ray Liotta, Robert Duvall",36000000,,2002-03-06,122 897,,Aventure - Action,Etats-Unis,,Nick Cassavetes,,Metropolitan,John Q
"Oliver Gourmet, Lambert Wilson",0,,2017-12-27,123 056,,Comédie dramatique,France,,,,Ad vitam,L'Echange des princesses
Léa Drucker,3100000,,2018-02-07,122 946,,Drame,France,,,,Haut et Court,Jusqu'à la garde
Richard Berry,4500000,,2002-09-25,121 351,,Animation,France,,,,Gébéka,Corto Maltese
"Reese Witherspoon, Luke Wilson",18000000,,2001-12-12,121 380,Franchise,Romance,Etats-Unis,,,,UFD,La Revanche d'une blonde
Jean-Marc Barr,5810000,,2002-08-21,121 312,,Aventure - Action,France,,Olivier Megaton,,Haut et Court,La Sirène rouge
"Harrison Ford, Jeff Goldblum, Diane Keaton",40000000,,2011-04-06,121 428,,Comédie,Etats-Unis,J.J. Abrams,,,Paramount,Morning Glory
Marlon Wayans,64000000,,2006-08-09,121 422,,Comédie,Etats-Unis,,Keenen Ivory Wayans,,Gaumont Sony,The Little Man
"Kirsten Dunst, Josh Hartnett, Danny DeVito",9000000,,2000-09-27,119 995,,Drame,Etats-Unis,,Sofia Coppola,,Pathé,Virgin Suicides
"Jessica Chastain, Penelope Cruz, Diane Kruger",75000000,- Junkie XL,2022-01-05,120 131,,Aventure - Action,Etats-Unis,,,,SND,355
Cécile De France,4774375,,2015-08-19,120 168,,Romance,France,,,,Pyramide,La Belle saison
"François-Xavier Demaison, Elsa Zylberstein, Sylvie Testud, François Berléand",7400000,,2022-06-08,120 164,,Comédie,France,,Nicolas Vanier,,SND,Champagne !
"Sean Penn, Naomi Watts",22000000,,2010-11-03,117 377,,Thriller,Etats-Unis,,Doug Liman,,UGC Distribution,Fair Game (2010)
"Brad Pitt, Casey Affleck, Jeremy Renner, Sam Rockwell",30000000,,2007-10-10,117 110,,Western,Etats-Unis,Brad Pitt,,,Warner Bros.,L'Assassinat de Jesse James par le lâche Robert Ford
"Edward Norton, Bruce Willis, Alec Baldwin, Willem Dafoe",26000000,,2019-12-04,117 270,,Thriller,Etats-Unis,,,,Warner Bros.,Brooklyn Affairs
"Tom Hanks, Scarlett Johansson, Adrien Brody, Steve Carell, Bryan Cranston, Willem Dafoe, Matt Dillon, Jeff Goldblum, Edward Norton, Margot Robbie, Liev Schreiber",25000000,Alexandre Desplat,2023-06-21,117 498,,Comédie dramatique,Etats-Unis,,Wes Anderson,,Universal,Asteroid City
"Jason Statham, Jet Li",40000000,Brian Tyler,2007-09-05,114 801,,Aventure - Action,Etats-Unis,,,,Metropolitan,Rogue l'ultime affrontement
"Jean-Pierre Darroussin, Isabelle Huppert, Marina Foïs, Pio Marmaï",4220236,,2014-06-11,114 679,,Comédie,France,,,,SND,La Ritournelle
"Léa Seydoux, Roschdy Zem",0,,2019-08-21,114 773,,Thriller,France,,,,Le Pacte,"Roubaix, une lumière"
"Ramzy Bedia, Dany Boon, Catherine Frot, Eric Judor, Sigourney Weaver, Sarah Michelle Gellar",0,,2007-03-28,114 688,,Animation,Etats-Unis,,,,TFM Distribution,Cendrillon & le prince (pas trop) charmant
"Virginie Efira, Charlotte Rampling, Lambert Wilson",19830000,,2021-07-09,111 255,,Drame,France,,Paul Verhoeven,,Pathé,Benedetta
Viggo Mortensen,0,,2016-10-12,111 259,,Drame,Etats-Unis,,,,Mars Distribution,Captain Fantastic
Steve Martin,85000000,,2000-05-24,111 237,,Animation,Etats-Unis,,,,GBVI,Fantasia 2000
"Colin Firth, Nicole Kidman",0,,2014-09-24,111 447,,Thriller,Grande-Bretagne,Ridley Scott,,,UGC Distribution,Avant d'aller dormir
Louise Bourgoin,0,,2017-09-20,108 719,,Comédie,France,,,,Universal,L'un dans l'autre
"Gérard Depardieu, Katherine Heigl, Emma Thompson",0,,1994-06-22,109 075,,Comédie,Etats-Unis,,,Remake,GBVI,My Father ce héros
"Colin Farrell, Edward Norton, Jon Voight",30000000,,2008-12-03,108 773,,Drame,Etats-Unis,,,,Metropolitan,Le Prix de la loyauté
"Russell Crowe, Liam Neeson",30000000,Danny Elfman,2010-12-08,107 543,,Thriller,Etats-Unis,,,Remake,Metropolitan,Les Trois prochains jours
"James McAvoy, Daniel Radcliffe",40000000,,2015-11-25,106 131,,Fantasy,Etats-Unis,,,,20th Century Fox,Docteur Frankenstein
Robin Williams,7000000,,2002-09-18,106 000,,Thriller,Etats-Unis,,,,UFD,Photo obsession
Karin Viard,3999989,,2016-11-16,104 962,,Comédie,France,,,,Diaphana,Le Petit locataire
"Léa Drucker, Denis Podalydès",3300000,,2017-09-13,104 837,,Comédie dramatique,France,,,,Bac Films,Les Grands Esprits
"Mathieu Amalric, Benicio Del Toro",0,Howard Shore,2013-09-11,104 826,,Drame,Etats-Unis,,,,Le Pacte,Jimmy P. (Psychothérapie d'un Indien des plaines
Benedict Cumberbatch,0,,2021-06-23,103 555,,Thriller,Grande-Bretagne,,,,SND,Un espion ordinaire
"Matt Damon, Frances McDormand",0,,2013-04-17,103 525,,Drame,Etats-Unis,,Gus Van Sant,,Mars Distribution,Promised Land (2013)
Kevin Hart,38000000,,2017-10-04,103 937,,Animation,Etats-Unis,,,,20th Century Fox,Capitaine Superslip
"Al Pacino, Chris O'Donnell, Philip Seymour Hoffman",20000000,Thomas Newman,1993-03-24,104 028,,Drame,Etats-Unis,,Martin Brest,,UIP,Le Temps d'un week-end
"Owen Wilson, Gene Hackman",35000000,,2002-01-16,103 872,,Guerre,Etats-Unis,,,,UFD,En territoire ennemi
Mélanie Laurent,4000000,,2011-11-23,103 502,,Comédie dramatique,France,,,,Studiocanal,Les Adoptés
"Monica Bellucci, Paul Giamatti, Clive Owen",0,,2007-09-19,103 787,,Aventure - Action,Etats-Unis,,,,Metropolitan,Shoot 'Em Up
"Antonio Banderas, Angelina Jolie",26000000,,2001-07-11,103 524,,Thriller,Etats-Unis,,,Remake,EuropaCorp,Péché originel
Isabelle Huppert,5320000,,2005-09-28,103 731,,Drame,France,,Patrice Chéreau,,Mars Distribution,Gabrielle
"François Berléand, Gérard Jugnot",5900000,,2012-01-04,103 532,,Comédie,France,,,,Gaumont,Un jour mon père viendra
"François Damiens, Jean-Baptiste Lucien, Géraldine Nakache",6307350,,2013-12-11,102 817,,Comédie,France,,JeanPaul Salomé,,Diaphana,Je fais le mort
Isabelle Huppert,3000000,,2016-04-06,102 832,,Drame,France,,,,Films du Losange,L'Avenir
Helen Mirren,10000000,Hans Zimmer,2003-12-31,102 919,,Comédie,Grande-Bretagne,,,,GBVI,Calendar Girls
"Jason Bateman, Jennifer Aniston",45000000,,2016-12-21,102 897,,Comédie,Etats-Unis,,,,Metropolitan,Joyeux bordel !
Vincent Lindon,4100000,,2018-05-16,100 977,,Drame,France,,Stéphane Brizé,,Diaphana,En Guerre
"Helen Mirren, Ryan Reynolds",11000000,Hans Zimmer,2015-07-15,101 006,,Drame,Grande-Bretagne,,,,SND,La Femme au tableau
Johnny Depp,0,,1993-01-06,101 006,,Drame,Etats-Unis,,Emir Kusturica,,UGC Distribution,Arizona Dream
"Drew Barrymore, Ben Stiller",40000000,,2004-07-07,101 217,,Comédie,Etats-Unis,,,,TFM Distribution,1 duplex pour 3
"Steve Carell, Paul Dano, Greg Kinnear, Toni Collette, Bryan Cranston",8000000,,2006-09-06,101 183,,Comédie,Etats-Unis,,,,20th Century Fox,Little Miss Sunshine
"Robert De Niro, Cuba Gooding Jr., Charlize Theron",32000000,,2001-05-02,101 151,,Aventure - Action,Etats-Unis,,,,UFD,Les Chemins de la dignité
Jeremy Irons,58000000,Ennio Morricone,1998-01-14,101 032,,Drame,Etats-Unis,,Adrian Lyne,Remake,AMLF,Lolita
Michael J. Fox,30000000,Danny Elfman,1997-01-29,99 119,,Horreur,Etats-Unis,,Peter Jackson,,UIP,Fantômes contre fantômes
Hugh Jackman,68000000,,2021-08-25,99 007,,Science Fiction,Etats-Unis,,,,Warner Bros.,Reminiscence
Cate Blanchett,0,,2023-01-25,98 869,,Drame,Etats-Unis,,,,Universal,Tár
"Jake Gyllenhaal, Mélanie Laurent",0,,2014-08-27,99 480,,Thriller,Canada,,Denis Villeneuve,,Version Originale,Enemy
"Mila Kunis, Kev Adams",40000000,Tyler Bates,2018-08-08,99 529,,Comédie,Etats-Unis,Ron Howard,,,Metropolitan,L'Espion qui m'a larguée
"Colin Farrell, Brendan Gleeson",20000000,,2022-12-28,99 482,,Comédie dramatique,Irlande,,,,Walt Disney Pictures,Les Banshees d'Inisherin
Jean Reno,11330596,,2017-01-04,99 200,,Comédie,France,,,,SND,Mes trésors
"Ben Affleck, Matt Damon, Linda Fiorentino, Alan Rickman, Salma Hayek, Chris Rock",10000000,Howard Shore,2000-01-19,96 736,,Comédie,Etats-Unis,,Kevin Smith,,Bac Films,Dogma
"Bérénice Bejo, Vincent Cassel, François Damiens",6500000,,2020-09-09,95 111,,Comédie,France,,,,SND,Le Bonheur des uns...
Diane Kruger,700000,,2019-07-24,95 246,,Thriller,Allemagne,,,,Le Pacte,The Operative
Elijah Wood,0,,1996-08-07,95 215,,Film familial,Etats-Unis,,,,UIP,Flipper
"Cillian Murphy, Brendan Gleeson",8000000,,2003-05-28,95 134,Franchise,Horreur,Grande-Bretagne,,Danny Boyle,,UFD,28 jours plus tard
"Oliver Gourmet, Tahar Rahim, Léa Seydoux, Karim Leklou",3945796,,2013-08-28,95 280,,Romance,France,,,,Ad vitam,Grand Central
Richard Gere,0,,2010-06-09,95 198,,Drame,Etats-Unis,,Lasse Hallstrom,,Metropolitan,Hatchi
Ethan Hawke,0,,2018-01-17,95 319,,Thriller,Etats-Unis,,,,SND,24H Limit
"Henry Cavill, Sigourney Weaver, Bruce Willis, Roschdy Zem",0,,2012-05-02,94 055,,Thriller,Etats-Unis,,,,SND,Sans issue (2012)
"Kevin Costner, Gal Gadot, Tommy Lee Jones, Gary Oldman, Ryan Reynolds",31500000,Brian Tyler,2016-05-04,94 036,,Aventure - Action,Etats-Unis,,,,Metropolitan,Criminal - Un espion dans la tête
"Michael Fassbender, Antonio Banderas, Mathieu Kassovitz, Ewan McGregor, Bill Paxton, Channing Tatum, Michael Douglas",23000000,,2012-07-11,92 437,,Thriller,Etats-Unis,,Steven Soderbergh,,UGC Distribution,Piégée
"Zac Efron, Matthew McConaughey, John Cusack, Nicole Kidman",12500000,,2012-10-17,92 532,,Thriller,Etats-Unis,,,,Metropolitan,Paperboy
"Mélanie Thierry, Gaspard Ulliel, François Damiens",7888600,,2016-09-28,91 222,,Drame,France,Alain Attal,,,Wild Bunch,La Danseuse
Yvan Attal,0,,2009-09-02,89 668,,Comédie dramatique,France,,Cédric Kahn,,Mars Distribution,Les Regrets
"Ben Affleck, Kevin Costner, Tommy Lee Jones",15000000,,2011-03-30,89 737,,Drame,Etats-Unis,,,,Gaumont,The Company Men
Vincent Lindon,7430000,,2021-07-14,88 523,,Drame,France,,,,Diaphana,Titane
"Arnold Schwarzenegger, Sam Worthington",35000000,,2014-05-07,88 534,,Aventure - Action,Etats-Unis,,,,Metropolitan,Sabotage
"Ethan Hawke, Emma Watson",0,,2015-10-28,88 390,,Thriller,Espagne,,,,Metropolitan,Regression
"Matthew McConaughey, Woody Harrelson",60000000,,1999-06-16,86 057,,Comédie,Etats-Unis,Brian Grazer,Ron Howard,Remake,UIP,En direct sur EdTV
"Jessica Alba, Antonio Banderas, Mel Gibson, Cuba Gooding Jr., Charlie Sheen",17000000,,2013-10-02,86 223,,Aventure - Action,Etats-Unis,,Robert Rodriguez,,Wild Bunch,Machete Kills
Jackie Chan,7500000,,1998-07-29,85 804,,Aventure - Action,Etats-Unis,,,,Bac Films,Jackie Chan dans le Bronx
Willem Dafoe,0,,2007-04-04,86 135,,Animation,Japon,,,,Walt Disney Pictures,Les Contes de Terremer
"Vincent Lacoste, Jonathan Cohen",3500000,,2018-11-21,84 007,,Drame,France,,,,Pyramide,Amanda
"Nicole Kidman, Anne Heche",20000000,Alexandre Desplat,2004-11-03,84 065,,Drame,Etats-Unis,,,,Metropolitan,Birth
Mathieu Amalric,3936497,,2015-05-20,84 181,,Drame,France,,,,Le Pacte,Trois souvenirs de ma jeunesse
"Bruce Willis, Colin Farrell, Sam Worthington",70000000,,2002-05-29,84 139,,Guerre,Etats-Unis,,,,UFD,Mission évasion
"Julia Roberts, Owen Wilson",20000000,,2017-12-20,82 140,,Drame,Etats-Unis,,,,Metropolitan,Wonder
"Virginie Efira, Géraldine Nakache",3412357,,2016-01-13,81 813,,Comédie dramatique,France,,,Remake,Le Pacte,Et ta soeur
"Chadwick Boseman, Viola Davis",55000000,Thomas Newman,2014-09-24,81 926,,Musical,Etats-Unis,Brian Grazer,,,Universal,Get On Up
"Pierce Brosnan, Jackie Chan",35000000,,2017-11-08,79 546,,Aventure - Action,Chine,,Martin Campbell,,Metropolitan,The Foreigner
Ryan Reynolds,6000000,,2003-07-09,79 533,Franchise,Comédie,Etats-Unis,,,,Metropolitan,"American Party - Van Wilder, relations publiques"
"Glenn Close, Jeremy Irons, Meryl Streep, Antonio Banderas, Winona Ryder",40000000,Hans Zimmer,1994-03-23,79 535,,Drame,Etats-Unis,,,,AMLF,La Maison aux esprits
"Hugh Jackman, Ewan McGregor, Charlotte Rampling",25000000,,2008-09-03,79 737,,Thriller,Etats-Unis,,,,SND,Manipulation
Jamie Lee Curtis,15000000,,2002-10-30,79 754,Franchise,Horreur,Etats-Unis,,,,TFM Distribution,Halloween: Resurrection
Oliver Gourmet,0,,2002-10-23,79 989,,Drame,Belgique,,Dardenne (frères),,Diaphana,Le Fils
Ashton Kutcher,30000000,,2005-08-10,78 428,,Romance,Etats-Unis,,,,SND,7 ans de séduction
"Liev Schreiber, Paul Dano",30000000,Danny Elfman,2009-09-23,78 441,,Comédie,Etats-Unis,,Ang Lee,,Universal,Hôtel Woodstock
Harrison Ford,60000000,Alexandre Desplat,2006-04-05,77 647,,Thriller,Etats-Unis,,,,Warner Bros.,Firewall
Elsa Zylberstein,0,,2021-10-20,77 699,,Comédie,France,,,,UGC Distribution,Tout nous sourit
"Orlando Bloom, Gwyneth Paltrow",10570000,,2007-04-25,77 338,,Comédie,France,Luc Besson,,,EuropaCorp,Love (et ses petits désastres)
Angela Basset,0,,1993-02-17,76 732,,Horreur,Etats-Unis,,John Landis,,Warner Bros.,Innocent Blood
Charlotte Rampling,0,,2016-01-27,76 662,,Comédie dramatique,Grande-Bretagne,,,,Ad vitam,45 Ans
"Yvan Attal, François Cluzet, Charlotte Gainsbourg",8002139,,2012-10-03,76 708,,Comédie,France,,Yvan Attal,Remake,UGC Distribution,Do Not Disturb
Jason Bateman,37000000,,2018-04-18,75 209,,Comédie,Etats-Unis,,,,Warner Bros.,Game Night
Keira Knightley,0,,2019-01-16,75 393,,Drame,Etats-Unis,,,,Mars Distribution,Colette
"Jeremy Irons, Charlotte Rampling, Forest Whitaker",106441,,2001-08-15,75 134,,Thriller,Grande-Bretagne,,,,Cinevia,Vengeance secrète
"Frances McDormand, Liam Neeson",16000000,Danny Elfman,1990-11-14,75 298,,Comicbook,Etats-Unis,,Sam Raimi,,UIP,Darkman
Noomi Rapace,18000844,,2013-02-13,74 253,,Thriller,Etats-Unis,,Brian De Palma,Remake,ARP Selection,Passion (2013)
"Richard Dreyfuss, Madeleine Stowe",0,,1994-01-05,74 329,,Comédie,Etats-Unis,,John Badham,,GBVI,Indiscrétion assurée
"Morgan Freeman, John Cusack",25000000,,2007-07-11,74 260,,Thriller,Etats-Unis,,Bruce Beresford,,Metropolitan,Le Contrat (2007)
William H. Macy,13000000,,2016-03-09,74 270,,Drame,Canada,,,,Universal,Room
"Judi Dench, Richard Gere, Dev Patel",10000000,Thomas Newman,2015-04-01,73 760,,Comédie dramatique,Grande-Bretagne,,,,20th Century Fox,Indian Palace - Suite royale
"Russell Crowe, Mark Wahlberg, Catherine Zeta Jones",35000000,,2013-06-26,73 624,,Thriller,Etats-Unis,,,,Studiocanal,Broken City
"Mark Wahlberg, Julianne Moore, Don Cheadle, William H. Macy, John C. Reilly, Burt Reynolds, Heather Graham, Philip Seymour Hoffman",15000000,,1998-03-18,73 788,,Drame,Etats-Unis,,Paul Thomas Anderson,,Metropolitan,Boogie Nights
"Mathieu Amalric, Catherine Frot, Karin Viard, Sergi Lopez",9900000,,2009-08-19,71 726,,Comédie dramatique,France,,,,Wild Bunch,Les Derniers jours du monde
"Robert De Niro, Milla Jovovich, Edward Norton",22000000,,2011-05-11,71 550,,Thriller,Etats-Unis,,,,Metropolitan,Stone
"Mathieu Amalric, Pierre Arditi, Sabine Azéma, Lambert Wilson, Denis Podalydès",7244369,,2012-09-26,71 849,,Comédie dramatique,France,,Alain Resnais,,Studiocanal,Vous n'avez encore rien vu
Yolande Moreau,10070000,,2009-04-01,71 886,,Animation,France,,,,MK2 Diffusion,La Véritable histoire du Chat botté
"Patricia Arquette, Ethan Hawke",2400000,,2014-07-23,70 138,,Drame,Etats-Unis,,,,Diaphana,Boyhood
"Valérie Bonneton, Oliver Gourmet",0,,2021-09-29,70 150,,Drame,France,,,,Ad vitam,Eugénie Grandet
"Sacha Baron Cohen, Penelope Cruz, Rebel Wilson",35000000,,2016-04-13,69 272,,Comédie,Etats-Unis,,Louis Leterrier,,Sony Pictures,Grimsby - Agent trop spécial
Cécile De France,2000000,,2002-06-26,68 360,,Comédie,France,,,,SND,Irène
Virginie Efira,3600000,,2021-12-22,68 324,,Drame,France,,,,Paname Distribution,Madeleine Collins
Laure Calamy,171503,,2022-11-30,68 373,,Comédie dramatique,France,,,,Diaphana,Annie Colère
"Daniel Day-Lewis, Emma Thompson",0,,1994-03-09,66 914,,Drame,Etats-Unis,,Jim Sheridan,,UIP,Au nom du père
Joseph Gordon-Levitt,35000000,,2012-09-05,67 023,,Thriller,Etats-Unis,,,,Sony Pictures,Premium Rush
"Dwayne Johnson, Sean William Scott, Christopher Walken, Arnold Schwarzenegger",85000000,,2004-03-24,66 968,,Aventure - Action,Etats-Unis,,Peter Berg,,Columbia,Bienvenue dans la jungle
"Yun-Fat Chow, Mark Wahlberg",45000000,,1999-07-14,65 010,,Thriller,Etats-Unis,,,,Metropolitan,Le Corrupteur
Emma Thompson,0,,2019-08-21,64 976,,Comédie dramatique,Etats-Unis,,,,ARP Selection,Late Night
Dwayne Johnson,22000000,,2008-04-09,65 028,,Film familial,Etats-Unis,,,,Walt Disney Pictures,Maxi papa
"Gerard Butler, Jamie Foxx, Viola Davis",40000000,Brian Tyler,2010-12-22,64 020,,Thriller,Etats-Unis,,F. Gary Gray,,Wild Bunch,Que justice soit faite
"Isabelle Carré, Denis Podalydès",200631,,2022-12-21,64 039,,Drame,France,,,,SND,Le Tourbillon de la vie
"Julianne Moore, Liam Neeson",11000000,,2010-03-10,64 037,,Drame,Etats-Unis,,,Remake,Studiocanal,Chloe
"Johnny Depp, Billy Bob Thornton, Robert Mitchum, Steve Buscemi, Gabriel Byrne",9000000,,1996-01-03,63 321,,Western,Etats-Unis,,Jim Jarmusch,,Bac Films,Dead Man
"Ramzy Bedia, Agnès Jaoui",3941931,,2015-09-30,63 253,,Comédie dramatique,France,,,,Le Pacte,Je suis à vous tout de suite
"Glenn Close, Julianne Moore, Liv Tyler, Chris O'Donnell",0,,1999-04-07,63 249,,Comédie,Etats-Unis,,Robert Altman,,Bac Films,Cookie's Fortune
"Richard Gere, Susan Sarandon",0,,2012-12-12,63 214,,Drame,Etats-Unis,,,,Metropolitan,Arbitrage
"Edouard Baer, Audrey Tautou, Michel Galabru",3500000,,2017-01-11,62 563,,Comédie dramatique,France,,,,Le Pacte,Ouvert la nuit
Ewan McGregor,4000000,,2016-06-15,62 493,,Thriller,Grande-Bretagne,,,,Studiocanal,Un traître idéal
Ewan McGregor,12800000,,2000-01-19,63 310,,Thriller,Grande-Bretagne,,,,Capitol Films,Trader
Sacha Baron Cohen,9000000,,2002-12-25,62 764,,Comédie,Grande-Bretagne,,,,Mars Distribution,Ali G
"Casey Affleck, Jessica Alba, Kate Hudson, Bill Pullman",13000000,,2010-08-11,62 584,,Thriller,Etats-Unis,,Michael Winterbottom,,Mars Distribution,The Killer Inside Me
Eric Judor,187959,,2023-12-13,62 664,,Animation,Belgique,,,,KMBO,Les Inséparables
"Annette Bening, Eva Mendes, Meg Ryan",16500000,,2009-06-03,61 459,,Comédie,Etats-Unis,,,,TFM Distribution,The Women
"Eva Mendes, Michel Piccoli",4520584,,2012-07-04,61 441,,Drame,France,,,,Films du Losange,Holy Motors
"Jason Bateman, Ben Affleck, Ray Liotta, Ryan Reynolds, Andy Garcia, Chris Pine",17000000,,2007-08-01,60 246,,Thriller,Etats-Unis,,Joe Carnahan,,Studiocanal,Mi$e à prix
Samuel L. Jackson,3500000,,1994-01-05,60 298,,Drame,Etats-Unis,,Albert Hughes,,UGC Distribution,Menace II Society
"Jude Law, Susan Sarandon",60000000,,2004-12-29,58 602,,Comédie,Grande-Bretagne,,,Remake,UIP,Irrésistible Alfie
"Kevin Bacon, Charlize Theron, Dakota Fanning",30000000,,2003-01-15,58 549,,Thriller,Etats-Unis,,,,-,Mauvais piège
Bérénice Bejo,0,,2016-08-10,58 616,,Comédie dramatique,Belgique,,,,Le Pacte,L'Economie du couple
"Adrien Brody, Bryan Cranston",0,,2012-02-01,58 554,,Drame,Etats-Unis,,,,Pretty Pictures,Detachment
"Liam Neeson, Chris O'Donnell",11000000,,2005-04-06,57 718,,Drame,Etats-Unis,,Bill Condon,,Pyramide,Dr. Kinsey
"Bryan Cranston, Diane Lane, Elle Fanning, John Goodman, Helen Mirren",15000000,,2016-04-27,57 651,,Drame,Etats-Unis,,Jay Roach,,UGC Distribution,Dalton Trumbo
Paul Giamatti,0,,2023-12-13,57 639,,Comédie dramatique,Etats-Unis,,Alexander Payne,,Universal,Winter Break
Julianne Moore,0,,2017-11-15,57 606,,Drame,Etats-Unis,,,,Metropolitan,Le Musée des merveilles
Guillaume Canet,0,,2008-10-15,57 717,,Documentaire,Grande-Bretagne,,,,Wild Bunch,La Famille Suricate
Chris Pine,0,,2010-05-26,56 944,,Horreur,Etats-Unis,,,,Metropolitan,Infectés
"Liam Neeson, Laurence Fishburne",0,,2021-08-04,57 091,,Aventure - Action,Etats-Unis,,,,Metropolitan,Ice Road
"Halle Berry, Billy Bob Thornton, Heath Ledger",4000000,,2002-03-20,56 995,,Drame,Etats-Unis,,Marc Foster,,Metropolitan,A l'ombre de la haine
Paul Giamatti,8000000,,2016-09-28,57 059,,Science Fiction,Etats-Unis,Ridley Scott,,,20th Century Fox,Morgane
"Mira Sorvino, Robin Williams, Jim Caviezel",0,Brian Tyler,2005-02-23,56 020,,Thriller,Etats-Unis,,,,Metropolitan,Final Cut (2005)
Laure Calamy,3500000,,2022-10-05,56 107,,Drame,France,,,,The Jokers / Les Bookmakers,L'Origine du mal
Casey Affleck,0,,2020-08-12,56 109,,Science Fiction,Etats-Unis,,,,Condor Distribution,Light of my Life
"Jeff Daniels, Robin Williams",50000000,James Newton Howard,2006-07-19,55 491,,Comédie,Etats-Unis,,Barry Sonnenfeld,,Gaumont Sony,Camping car
Christian Bale,0,,2007-01-10,55 466,,Thriller,Etats-Unis,,,,SND,Bad Times
"Guillaume Canet, Dustin Hoffman",0,,2015-09-16,55 064,,Drame,Grande-Bretagne,,Stephen Frears,,Studiocanal,The Program (2015)
"Hugh Grant, Dennis Quaid, Willem Dafoe",19000000,,2006-06-07,55 077,,Comédie,Etats-Unis,,Paul Weitz,,UIP,American Dreamz
Kevin Costner,12000000,Alexandre Desplat,2005-08-24,55 096,,Drame,Etats-Unis,,,,Metropolitan,Les Bienfaits de la colère
Catherine Zeta Jones,0,,2010-11-17,54 949,,Romance,Etats-Unis,,,,Rezo Films,Mon Babysitter
Emma Watson,10319007,,2016-07-20,54 959,,Drame,Allemagne,,,,Rezo Films,Colonia
"Gerard Butler, Idris Elba, Tom Hardy",18000000,,2008-11-19,54 387,,Thriller,Grande-Bretagne,Joel Silver,Guy Ritchie,,Studiocanal,RocknRolla
"Sigourney Weaver, Liam Neeson",43000000,,2017-01-04,54 497,,Fantasy,Etats-Unis,,Juan Antonio Bayona,,Metropolitan,Quelques minutes après minuit
Alan Rickman,10414214,,2014-04-16,54 391,,Comédie dramatique,France,,Patrice Leconte,,Mars Distribution,Une Promesse
"Don Cheadle, Jean Reno, Joaquin Phoenix, Nick Nolte",17500000,,2005-03-30,53 785,,Drame,Etats-Unis,,,,Metropolitan,Hotel Rwanda
Bill Murray,38000000,,2008-12-17,53 882,,Film familial,Etats-Unis,,,,Metropolitan,La Cité de l'ombre
"Don Cheadle, Brendan Gleeson",6000000,,2011-12-21,53 970,,Comédie,Irlande,,,,SND,L'Irlandais
"Jessica Chastain, Sean Penn, Brad Pitt",32000000,Alexandre Desplat,2011-05-17,52 956,,Drame,Grande-Bretagne,Brad Pitt,Terrence Malick,,EuropaCorp,The Tree of Life
"Harrison Ford, Brendan Fraser",31000000,,2010-03-17,52 376,,Drame,Etats-Unis,,,,Sony Pictures,Mesures exceptionnelles
Naomi Watts,9710205,,2008-04-23,52 136,,Thriller,Etats-Unis,,Michael Haneke,Remake,Films du Losange,Funny Games U.S.
Melissa McCarthy,38000000,,2019-08-21,52 100,,Aventure - Action,Etats-Unis,,,,Warner Bros.,Les Baronnes
"Ramzy Bedia, François Damiens, Vanessa Paradis, Vincent Macaigne",0,,2021-09-29,51 677,,Comédie,France,,,,UGC Distribution,Cette musique ne joue pour personne
Leïla Bekhti,3600000,,2024-03-13,51 632,,Drame,France,,,,Ad vitam,La Nouvelle femme
"Michael Fassbender, Judi Dench",0,,2012-07-25,51 846,,Romance,Grande-Bretagne,,,,UGC Distribution,Jane Eyre (2012)
"Ewan McGregor, Josh Brolin, John C. Reilly, Nick Nolte, Patricia Arquette",0,,1998-08-12,51 844,,Thriller,Etats-Unis,,,,Bac Films,Le Veilleur de nuit
Jim Carrey,72000000,,2002-05-08,51 858,,Drame,Etats-Unis,,Frank Darabont,,Warner Bros.,The Majestic
Idris Elba,18000000,,2008-07-30,50 484,,Horreur,Etats-Unis,Neal H. Moritz,,Remake,Sony Pictures,Le Bal de l'horreur (2008)
Natalie Portman,0,,2016-11-16,50 383,,Drame,France,,,,Ad vitam,Planetarium
"Geena Davis, John C. Reilly",0,,2015-01-14,50 412,,Animation,Japon,,,,Walt Disney Pictures,Souvenirs de Marnie
"Paul Walker, Lambert Wilson, Gerard Butler",80000000,Brian Tyler,2004-04-21,48 953,,Aventure - Action,Etats-Unis,,Richard Donner,,UIP,Prisonniers du temps
Vin Diesel,23000000,,2000-07-19,48 987,Franchise,Science Fiction,Etats-Unis,,David Twohy,,-,Pitch Black
"Ewan McGregor, Emily Watson, Renee Zellweger",0,,2007-03-28,49 104,,Comédie,Grande-Bretagne,,,,Bac Films,Miss Potter
Hilary Swank,0,,1994-08-03,49 133,Franchise,Aventure - Action,Etats-Unis,,,,Columbia,Miss Karate Kid
Kate Beckinsale,3000000,,2016-06-22,48 913,,Comédie dramatique,Etats-Unis,,,,Sophie Dulac,Love & Friendship
Rachel Weisz,6000000,,2018-06-13,49 119,,Drame,Etats-Unis,,,,Mars Distribution,Désobéissance
Johnny Knoxville,15000000,,2013-12-11,47 817,Franchise,Comédie,Etats-Unis,,,,Paramount,Bad Grandpa
Eva Green,15000000,,2003-12-10,47 922,,Drame,France,,Bernardo Bertolucci,,TFM Distribution,Innocents The Dreamers
Marina Foïs,3501774,,2017-10-11,47 134,,Drame,France,,,,Diaphana,L'Atelier
Zac Efron,15900000,,2024-01-24,46 627,,Drame,Grande-Bretagne,,,,Metropolitan,Iron Claw
"Heath Ledger, Joseph Gordon-Levitt",16000000,,2000-07-19,46 583,,Romance,Etats-Unis,,,,GBVI,10 bonnes raisons de te larguer
Sergi Lopez,3370000,,2004-03-10,45 747,,Comédie dramatique,France,,,,Pan-Européenne,Chemins de traverse
"Dwayne Johnson, Johnny Knoxville",46000000,,2004-07-07,45 346,,Aventure - Action,Etats-Unis,,,Remake,UFD,Tolérance zéro
"Matthew McConaughey, Bryce Dallas Howard",20000000,,2017-04-19,45 363,,Aventure - Action,Etats-Unis,,,,Studiocanal,Gold (2017)
"Tom Hardy, Ron Perlman, Whoopi Goldberg",60000000,Jerry Goldsmith,2003-03-12,45 377,Franchise,Science Fiction,Etats-Unis,,,,-,Star Trek: Nemesis
"Jeff Bridges, Ryan Phillippe",38000000,,1996-07-17,44 487,,Aventure - Action,Etats-Unis,Ridley Scott,Ridley Scott,,UFD,Lame de fond
Ellen Page,0,,2006-09-27,44 431,,Thriller,Etats-Unis,,,,Metropolitan,Hard Candy
Charles Berling,7240000,,2002-11-06,44 410,,Thriller,France,,Olivier Assayas,,SND,Demonlover
"Josiane Balasko, Vincent Perez",5400000,,2019-01-30,43 497,,Aventure - Action,France,,,,SND,L'Intervention
Isabelle Adjani,0,,2022-07-06,42 675,,Comédie dramatique,France,,François Ozon,,Diaphana,Peter von Kant
Ashton Kutcher,18000000,,2003-07-09,42 058,,Romance,Etats-Unis,,Shawn Levy,,UFD,Pour le meilleur et pour le rire
"Benedict Cumberbatch, Tom Holland, Willem Dafoe, Jamie Foxx, Andrew Garfield, Tobey Maguire",200000000,,2022-09-07,42 098,Franchise,Comicbook,Etats-Unis,Kevin Feige,Jon Watts,,Sony Pictures,Spider-Man : No Way Home - Version longue
"Juliette Binoche, François Civil",3530000,,2012-02-01,41 491,,Drame,France,,,,Haut et Court,Elles (2012)
"Marion Cotillard, Michael Fassbender",0,,2015-11-18,41 081,,Drame,Grande-Bretagne,,,,Studiocanal,MacBeth (2015)
Chloë Grace Moretz,0,,2020-07-29,41 044,,Animation,Corée du Sud,,,,ARP Selection,"Blanche Neige, les souliers rouges et les sept nains"
Steve Buscemi,0,,2018-04-25,40 184,,Aventure - Action,Etats-Unis,,,,Ad vitam,La Route sauvage
Vincent Lindon,3903299,,2013-08-07,39 693,,Drame,France,,Claire Denis,,Wild Bunch,Les Salauds
"Halle Berry, Gerard Butler, Anna Faris, Richard Gere, Hugh Jackman, Greg Kinnear, Dennis Quaid, Sean William Scott, Uma Thurman, Naomi Watts, Kate Winslet, Johnny Knoxville, Chloë Grace Moretz, Chris Pratt, Liev Schreiber, Emma Stone",6000000,,2013-06-19,39 743,,Comédie,Etats-Unis,,Brett Ratner,,Metropolitan,My Movie Project
"Reese Witherspoon, Luke Wilson, Sally Field",45000000,,2003-09-24,39 677,Franchise,Comédie,Etats-Unis,,,,-,La Blonde contre-attaque
"Robert De Niro, James Franco, Frances McDormand",40000000,,2004-09-22,38 432,,Drame,Etats-Unis,,Michaël CatonJones,,Quinta Distribution,Père et flic
"Emily Blunt, Ewan McGregor, Kristin Scott Thomas",0,,2012-06-06,38 438,,Comédie dramatique,Grande-Bretagne,,Lasse Hallstrom,,Metropolitan,Des saumons dans le désert
"Javier Bardem, Adèle Exarchopoulos, Charlize Theron, Jean Reno",0,,2017-01-11,38 491,,Drame,Etats-Unis,,,,Mars Distribution,The Last Face
"Oliver Gourmet, Isabelle Huppert",5710597,,2008-10-29,38 044,,Drame,France,,,,Diaphana,Home
"Forest Whitaker, Renee Zellweger, Nick Nolte",0,,2010-04-07,37 383,,Comédie dramatique,Etats-Unis,,Olivier Dahan,,Mars Distribution,My Own Love Song
"Ethan Hawke, Gwyneth Paltrow, Robert De Niro",0,,1998-05-06,37 255,,Comédie dramatique,Etats-Unis,,Alfonso Cuaron,,UFD,De grandes espérances
"Alison Lohman, Michelle Pfeiffer, Robin Wright, Renee Zellweger, Melissa McCarthy",16000000,Thomas Newman,2003-11-12,37 406,,Drame,Etats-Unis,,,,-,Laurier blanc
"Mark Wahlberg, Kevin Bacon, John Goodman",45000000,,2017-03-08,37 359,,Drame,Etats-Unis,,Peter Berg,,Metropolitan,Traque à Boston
"James Franco, Seth Rogen, Bryan Cranston, Zac Efron, Sharon Stone",10000000,,2018-03-07,36 908,,Comédie,Etats-Unis,,,,Warner Bros.,The Disaster Artist
"Gabriel Byrne, Jesse Eisenberg, Isabelle Huppert",8140253,,2015-12-09,36 794,,Drame,Norvège,,,,Memento Films,Back Home
Cécile De France,73364,,2022-12-28,35 850,,Drame,France,,,,Bac Films,La Passagère (2022)
"Javier Bardem, Johnny Depp, Sean Penn",0,,2001-06-13,35 869,,Drame,Etats-Unis,,Julian Schnabel,,Films sans frontières,Avant la nuit
"Isabelle Huppert, Charles Berling, Jonathan Cohen, Vincent Macaigne, Benoît Poelvoorde",7300000,,2019-04-10,35 275,,Comédie,France,,Anne Fontaine,,Gaumont,Blanche comme Neige (2019)
Joaquin Phoenix,35000000,,2023-04-26,35 019,,Comédie dramatique,Etats-Unis,,,,ARP Selection,Beau Is Afraid
"Ethan Hawke, Pedro Pascal",0,,2023-08-16,34 487,,Western,Espagne,,Pedro Almodovar,,Pathé,Strange Way of Life
"Robert Pattinson, Guy Pearce",12250000,,2014-06-04,33 955,,Science Fiction,Australie,,,,Metropolitan,The Rover
"Scarlett Johansson, Paul Giamatti, Chris Evans",0,,2008-05-14,33 297,,Romance,Etats-Unis,,,,TFM Distribution,Le Journal d'une baby-sitter
"Amy Adams, Emily Blunt",0,,2009-06-10,32 647,,Comédie,Etats-Unis,,,,Surreal Films,Sunshine Cleaning
Kate Winslet,0,,1996-11-27,32 658,,Drame,Grande-Bretagne,,Michael Winterbottom,,Polygram,Jude
"Warren Beatty, Diane Keaton, Andie MacDowell, Charlton Heston, Josh Hartnett",105000000,,2001-07-18,32 276,,Comédie,Etats-Unis,,,,Metropolitan,Potins mondains et amnésies partielles
"Ralph Fiennes, Penelope Cruz, Kristin Scott Thomas",10000000,,2006-05-10,31 821,,Drame,Etats-Unis,,,,Quinta Distribution,Chromophobia
"Sandra Bullock, Daniel Craig, Gwyneth Paltrow, Jeff Daniels, Sigourney Weaver",13000000,,2007-04-04,31 899,,Drame,Etats-Unis,,,,ARP Selection,Scandaleusement célèbre
"Paul Rudd, Sean William Scott",28000000,,2009-02-04,31 351,,Comédie,Etats-Unis,,,,Universal,Les Grands frères
Jim Caviezel,0,,2004-08-04,31 086,,Thriller,Etats-Unis,,,,Metropolitan,Highwaymen : la poursuite infernale
"Kevin Bacon, Sam Rockwell",25000000,Hans Zimmer,2009-04-01,31 005,,Drame,Etats-Unis,Brian Grazer,Ron Howard,,Studiocanal,Frost Nixon L'Heure de vérité
Charlotte Rampling,0,,2018-04-04,30 993,,Drame,Grande-Bretagne,,,,Wild Bunch,A l’heure des souvenirs
"Jean-Marc Barr, Kate Hudson, Naomi Watts, Thierry Lhermitte, Melvil Poupaud, Romain Duris, Glenn Close",0,,2003-10-08,31 079,,Comédie,Etats-Unis,,James Ivory,,UFD,Le Divorce
"Melvil Poupaud, Nathalie Baye",6714286,,2012-07-18,30 726,,Drame,Canada,,Xavier Dolan,,MK2 Diffusion,Laurence Anyways
Anthony Hopkins,25000000,,2006-03-22,30 712,,Drame,Nouvelle-Zélande,,,,Rezo Films,Burt Munro
"Yun-Fat Chow, Jonathan Rhys Meyers",40000000,,2008-06-11,30 753,,Guerre,Etats-Unis,,Roger Spottiswoode,,Metropolitan,Les Orphelins de Huang Shui
"Zac Efron, Billy Bob Thornton, Paul Giamatti",10000000,James Newton Howard,2013-10-02,30 776,,Drame,Etats-Unis,,,,Metropolitan,Parkland
"Tobey Maguire, Jonathan Rhys Meyers, Jim Caviezel",35000000,,2001-05-09,30 740,,Western,Etats-Unis,,Ang Lee,,Sagittaire Films,Chevauchée avec le diable
"Colin Farrell, Nicole Kidman",0,,2017-11-01,30 756,,Drame,Grande-Bretagne,,,,Haut et Court,Mise à mort du cerf sacré
Michel Piccoli,3930000,,2007-03-28,30 673,,Drame,France,,,,Films du Losange,Ne touchez pas la hache
Léa Seydoux,0,,2008-09-17,30 604,,Comédie dramatique,France,,,,Le Pacte,La Belle personne
"Bérénice Bejo, François Cluzet, Jérémy Renier",0,,2021-10-13,30 792,,Comédie dramatique,France,,,,Ad vitam,L'Homme de la cave
"Paul Dano, Patrick Dempsey, Jesse Eisenberg, Kevin Kline",12500000,James Newton Howard,2003-04-30,29 963,,Drame,Etats-Unis,,,,-,Le Club des empereurs
"Robin Williams, Mathieu Kassovitz, Liev Schreiber",45000000,,1999-10-20,29 776,,Drame,Etats-Unis,,,,-,"Jakob, le menteur"
"Adam Sandler, Tea Leoni",80000000,Hans Zimmer,2005-03-02,29 857,,Comédie,Etats-Unis,,James L. Brooks,,Gaumont Sony,Spanglish
Kristin Scott Thomas,0,,2010-12-08,28 879,,Drame,Grande-Bretagne,,,,Mars Distribution,Nowhere Boy
"Kevin Spacey, Johnny Knoxville, Luke Wilson",4000000,,2016-07-20,28 311,,Drame,Etats-Unis,,,,Warner Bros.,Elvis & Nixon
"Gwyneth Paltrow, Whoopi Goldberg",0,Howard Shore,1996-07-31,28 293,,Drame,Etats-Unis,,,,Polygram,Moonlight et Valentino
"Kiefer Sutherland, Jeff Bridges, Sandra Bullock",0,Jerry Goldsmith,1993-07-07,28 406,,Drame,Etats-Unis,,,,20th Century Fox,La Disparue
Robin Williams,0,,2007-08-22,27 883,,Comédie,Etats-Unis,,,,Warner Bros.,Permis de mariage
Geoffrey Rush,13500000,Ennio Morricone,2014-04-16,27 928,,Drame,Italie,,,,Distrib Films,The Best Offer
"Anthony Hopkins, Jude Law, Rachel Weisz, Jamel Debbouze",10923517,,2012-07-25,27 743,,Drame,Grande-Bretagne,,,,Wild Bunch,360
Vanessa Paradis,3400000,,2018-06-27,27 235,,Thriller,France,,,,Memento Films,Un couteau dans le coeur
"Hugh Jackman, Greg Kinnear, Ashley Judd",23000000,,2001-09-05,27 219,,Romance,Etats-Unis,,,,UFD,Attraction animale
Javier Bardem,3348410,,2003-03-12,26 609,,Comédie,Espagne,,,,Colifilms,Les Lundis au soleil
Reese Witherspoon,0,James Horner,1993-07-28,26 627,,Drame,Etats-Unis,Frank Marshall,,,GBVI,Kalahari - A la poursuite des chasseurs d'ivoire
Léa Drucker,0,,2020-02-12,26 695,,Drame,France,,,,Sophie Dulac,Deux (2020)
Penelope Cruz,0,,2005-01-05,26 221,,Drame,Italie,,,,EuropaCorp,A corps perdus
John Malkovich,6640000,,2006-04-26,26 180,,Drame,France,,,,Gémini Films,Klimt
"Geoffrey Rush, Joaquin Phoenix, Kate Winslet, Michael Caine",0,,2001-03-21,26 167,,Drame,Etats-Unis,,,,UFD,"Quills, la plume et le sang"
Robert Downey Jr,0,,2005-07-06,25 877,,Drame,France,,Steven Soderbergh,,Rezo Films,Eros
"Brendan Gleeson, Emma Thompson",14750302,Alexandre Desplat,2016-11-23,25 870,,Drame,Grande-Bretagne,,,,Pathé,Seul dans Berlin
"Julianne Moore, Ellen Page, Steve Carell",0,Hans Zimmer,2016-02-10,25 790,,Drame,Etats-Unis,,,,Bac Films,Free Love
Anne Hathaway,0,,2009-04-15,25 792,,Comédie dramatique,Etats-Unis,,Jonathan Demme,,Sony Pictures,Rachel se marie
"Adrien Brody, Penelope Cruz",0,,2010-03-31,25 788,,Drame,Espagne,,,,Quinta Distribution,Manolete
"Charlize Theron, Frances McDormand",62000000,,2006-02-08,25 794,,Science Fiction,Etats-Unis,,,,UIP,Aeon Flux
"Scarlett Johansson, Steve Buscemi",7000000,,2002-06-05,25 374,,Comédie,Etats-Unis,,,,Mars Distribution,Ghost World
Sam Neill,0,,2023-08-30,25 332,,Animation,Australie,,,,Alba Longa,Le Rêve de Daisy
Tahar Rahim,15710710,,2015-01-14,25 397,,Drame,Allemagne,,,,Pyramide,The Cut
"Kevin Costner, Courteney Cox, Kurt Russell, Christian Slater",62000000,,2001-08-01,24 968,,Thriller,Etats-Unis,,,,Warner Bros.,Destination: Graceland
Léa Drucker,43908,,2021-12-15,24 517,,Comédie dramatique,France,,,,Diaphana,Chère Léa
Billy Bob Thornton,27500000,,2015-06-24,24 573,,Comédie,Etats-Unis,,,,Warner Bros.,Entourage
"Jonathan Rhys Meyers, Patrick Bruel",0,,2019-01-16,24 230,,Drame,France,,,,Studiocanal,Holy Lands
"Christian Bale, Margot Robbie, Matthias Schoenaerts, Robert De Niro, Mike Myers, Chris Rock",80000000,,2022-11-01,24 277,,Thriller,Etats-Unis,,David O. Russell,,Walt Disney Pictures,Amsterdam
"Leonardo DiCaprio, Johnny Depp, John C. Reilly",11000000,,1994-04-06,23 856,,Comédie dramatique,Etats-Unis,,Lasse Hallstrom,,UGC Distribution,Gilbert Grape
Charles Berling,0,,2013-02-20,23 880,,Documentaire,Suisse,,,,Jour2Fête,Des Abeilles et des Hommes
"Jeff Daniels, Jesse Eisenberg",1500000,,2006-07-12,23 831,,Comédie,Etats-Unis,,,,Gaumont Sony,Les Berkman se séparent
"Robert Downey Jr, Keanu Reeves, Winona Ryder, Woody Harrelson",20000000,,2006-09-13,24 041,,Science Fiction,Etats-Unis,,,,Warner Bros.,A Scanner Darkly
"William H. Macy, Alec Baldwin",0,,2004-08-18,23 613,,Drame,Etats-Unis,,,,Bac Films,Lady Chance
"Ethan Hawke, Kristin Scott Thomas",0,,2011-11-16,23 602,,Thriller,France,,,,Haut et Court,La Femme du Vème
"Matthew Broderick, Uma Thurman, Will Ferrell",45000000,,2006-03-15,23 618,,Comédie,Etats-Unis,,,Remake,Gaumont Sony,Les Producteurs (2006)
Mathieu Amalric,0,,2002-02-20,23 080,,Comédie dramatique,France,,,,Films du Losange,Lundi matin
"Robert Downey Jr, Jamie Foxx",60000000,,2009-12-23,23 104,,Drame,Etats-Unis,,,,Studiocanal,Le Soliste
"Kevin Kline, Sigourney Weaver, Tobey Maguire, Christina Ricci, Elijah Wood",18000000,,1998-03-11,22 651,,Drame,Etats-Unis,,Ang Lee,,MK2 Diffusion,Ice Storm
Benoît Poelvoorde,0,,2009-10-28,21 978,,Animation,France,,,,Gébéka,Panique au village
"Jennifer Garner, Adam Sandler, Timothée Chalamet",0,,2014-12-10,21 894,,Drame,Etats-Unis,,Jason Reitman,,Paramount,"Men, Women & Children"
Colin Firth,0,,2023-10-04,21 941,,Drame,Grande-Bretagne,,,,Condor Distribution,Entre les lignes
"Charles Berling, Mathieu Amalric, Josiane Balasko",3200000,,2005-11-02,21 925,,Drame,France,,,,Rezo Films,J'ai vu tuer Ben Barka
Russell Crowe,15000000,,2013-01-02,21 552,,Aventure - Action,Etats-Unis,,,,Universal,L'Homme aux poings de fer
"Jeff Bridges, Maggie Gyllenhaal, Colin Farrell, Robert Duvall",7000000,,2010-03-03,21 450,,Drame,Etats-Unis,,,,20th Century Fox,Crazy Heart
"Will Ferrell, John C. Reilly, Seth Rogen",65000000,,2008-11-19,21 139,,Comédie,Etats-Unis,Judd Apatow,,,Sony Pictures,Frangins malgré eux
"Joaquin Phoenix, Sean Penn",13300000,,2003-07-02,21 171,,Romance,Danemark,,,,-,It's All About Love
"Amy Adams, Frances McDormand",0,,2009-02-25,20 474,,Comédie,Etats-Unis,,,,EuropaCorp,Miss Pettigrew
Léa Drucker,2920000,,2019-03-27,20 563,,Drame,France,,,,SBS Distribution,Synonymes
Johnny Knoxville,0,,2005-06-08,20 300,,Comédie,Etats-Unis,,,,Metropolitan,A dirty shame
Jérémy Renier,3200661,,2013-02-20,20 308,,Drame,Espagne,,,,Ad vitam,Elefante Blanco
"Léa Seydoux, Sylvie Testud",2000000,,2011-07-27,20 256,,Drame,France,,,,Sophie Dulac,Lourdes
"Matthew McConaughey, Naomi Watts",0,,2016-04-27,20 069,,Drame,Etats-Unis,,Gus Van Sant,,SND,Nos souvenirs
"Tahar Rahim, Karim Leklou",0,,2018-07-04,20 073,,Thriller,France,,,,Bac Films,Joueurs
"Josh Brolin, Samuel L. Jackson",30000000,,2014-01-01,20 083,,Thriller,Etats-Unis,,Spike Lee,Remake,Universal,Old Boy (2013)
Anthony Hopkins,31000000,,2002-01-16,19 642,,Comédie dramatique,Etats-Unis,,,,Warner Bros.,Cœurs perdus en Attantide
"Christian Slater, Robin Williams",0,Alan Silvestri,1993-01-13,19 200,,Animation,Etats-Unis,,,,20th Century Fox,Les Aventures de Zak et Crysta dans la forêt de FernGully
Rosamund Pike,51128,,2005-01-12,19 217,,Drame,Israël,,,,Ad vitam,Terre promise
Kenneth Branagh,6000000,,2003-04-23,19 231,,Drame,Australie,,Philip Noyce,,-,Le Chemin de la liberté
"Woody Harrelson, Naomi Watts",9000000,,2017-09-27,18 785,,Drame,Etats-Unis,,,,Metropolitan,Le Château de verre (2017)
Michael Douglas,0,,2007-09-12,18 825,,Comédie dramatique,Etats-Unis,,,,Metropolitan,King of California
"Antonio Banderas, Meg Ryan",25000000,,2008-11-05,18 363,,Comédie,Etats-Unis,,,,Colifilms,Mon espion préféré
"Jennifer Connelly, Dakota Fanning, Ewan McGregor",0,Alexandre Desplat,2016-12-28,18 114,,Drame,Etats-Unis,,,,Mars Distribution,American Pastoral
"Daniel Radcliffe, Adam Driver",0,,2014-10-29,18 123,,Romance,Irlande,,,,SND,Et (beaucoup) plus si affinités
Gérard Depardieu,0,,2003-04-09,18 146,,Drame,Norvège,,,,SND,Dina
Camille Cottin,0,,2022-03-30,18 155,,Animation,Luxembourg,,,,Bac Films,Icare
"Tim Allen, Jamie Lee Curtis, Dan Aykroyd",60000000,,2004-12-15,18 148,,Comédie,Etats-Unis,,,,Gaumont Sony,Un Noël de folie!
"Michael Fassbender, Brendan Gleeson",0,,2017-03-01,17 770,,Thriller,Etats-Unis,,,,The Jokers / Les Bookmakers,A ceux qui nous ont offensés
"Sandra Bullock, Ashley Judd",27000000,,2002-10-09,17 530,,Romance,Etats-Unis,,,,Warner Bros.,Les Divins secrets
"Ralph Fiennes, Matthias Schoenaerts",0,,2016-04-06,17 560,,Comédie dramatique,Italie,,,Remake,Studiocanal,A Bigger Splash
"Denzel Washington, Viola Davis",12500000,,2003-04-16,17 283,,Drame,Etats-Unis,,,,UFD,Antwone Fisher
"Casey Affleck, Rooney Mara",100000,,2017-12-20,17 230,,Drame,Etats-Unis,,,,Universal,A Ghost Story
"Michelle Pfeiffer, Colin Firth",0,,1998-05-13,17 245,,Comédie dramatique,Etats-Unis,,,,Polygram,Secrets
"Denzel Washington, Colin Farrell",22000000,James Newton Howard,2018-03-14,16 920,,Aventure - Action,Etats-Unis,,,,Sony Pictures,L'Affaire Roman J.
"Pio Marmaï, Kristin Scott Thomas",2031105,,2011-02-02,16 551,,Drame,France,,,,Mars Distribution,Contre toi
"Jérémy Renier, Oliver Gourmet",3600000,,2016-12-28,16 591,,Drame,France,,,,Haut et Court,"L'Ami, François d'Assise et ses frères"
Agnès Jaoui,109382,,2022-10-19,16 611,,Animation,Belgique,,,,Gébéka,Yuku et la fleur de l’Himalaya
"Penelope Cruz, Charlize Theron",0,,2004-12-29,16 163,,Drame,Etats-Unis,,,,Fabrique de Films,Nous étions libres
"Casey Affleck, Rooney Mara",3000000,,2013-09-18,16 195,,Drame,Etats-Unis,,,,Diaphana,Les Amants du Texas
Joseph Gordon-Levitt,500000,,2006-08-16,15 759,,Drame,Etats-Unis,,Rian Johnson,,Mars Distribution,Brick
"Monica Bellucci, Robert De Niro",0,,2011-06-15,15 798,,Romance,Italie,,,,Bellissima Films,L'Amour a ses raisons
"John Malkovich, Melvil Poupaud, Vincent Perez, Elsa Zylberstein, Michel Piccoli",37419,,2012-11-21,15 803,,Drame,Portugal,,,,Alfama Films,Les Lignes de Wellington
Jesse Eisenberg,0,,2020-03-11,15 510,,Thriller,Islande,,,,The Jokers / Les Bookmakers,Vivarium
Colin Firth,0,,2009-04-15,15 033,,Drame,Etats-Unis,,Michael Winterbottom,,Diaphana,Un été italien
Simon Pegg,0,,2013-11-27,15 074,,Animation,Grande-Bretagne,,,,Films du Préau,La Sorcière dans les airs
Matt Dillon,1000000,,2005-11-23,15 075,,Drame,Norvège,,,,ID Distribution,Factotum
"Angelina Jolie, Brad Pitt, Niels Arestrup, Mélanie Laurent, Melvil Poupaud",10000000,,2015-12-09,14 752,,Drame,Etats-Unis,Brad Pitt,,,Universal,Vue sur mer
Jean Reno,0,,1997-10-08,14 798,,Romance,Grande-Bretagne,,,,Polygram,Pour l'amour de Roseanna
Colin Farrell,0,,2022-07-06,14 818,,Science Fiction,Etats-Unis,,,,Condor Distribution,After Yang
"Gwyneth Paltrow, Mark Ruffalo, Mike Myers",0,,2003-10-01,14 531,,Romance,Etats-Unis,,,,TFM Distribution,Hôtesse à tout prix
"Helen Hunt, William H. Macy",1000000,,2013-03-06,14 061,,Comédie dramatique,Etats-Unis,,,,20th Century Fox,The Sessions
"Catherine Deneuve, John Malkovich",3400000,,2003-10-15,14 122,,Drame,Portugal,,,,Gémini Films,Un film parlé
"Scarlett Johansson, Robert Downey Jr, Dustin Hoffman",0,,2014-10-29,13 798,,Comédie,Etats-Unis,,Jon Favreau,,Sony Pictures,Chef
"Colin Firth, Emily Watson, Béatrice Dalle",0,,2018-12-19,13 801,,Drame,Grande-Bretagne,,,,Océan Films,The Happy Prince
"Diane Lane, Liam Neeson",0,,2017-11-01,13 803,,Drame,Etats-Unis,Ridley Scott,,,Paramount,The Secret Man - Mark Felt
John Cusack,0,,2008-05-28,13 819,,Drame,Etats-Unis,,,,TFM Distribution,Grace is Gone
"John Cusack, Luke Evans, Brendan Gleeson",26000000,,2012-06-20,13 549,,Thriller,Etats-Unis,,,,Universal,L'Ombre du mal
Benoît Poelvoorde,55544,,2004-10-13,13 251,,Comédie,France,,,,Ad Vitam,Aaltra
Jesse Eisenberg,0,,2014-08-13,13 311,,Comédie dramatique,Grande-Bretagne,,,,Mars Distribution,The Double (2014)
Noomi Rapace,4109834,,2012-05-02,13 319,,Thriller,Norvège,,,,Jour2Fête,Babycall
Emily Watson,0,,2018-08-15,13 322,,Drame,Etats-Unis,,,,Mars Distribution,Sur la plage de Chesil
Charles Berling,0,,2018-01-24,13 320,,Drame,Allemagne,,,,KMBO,Marie Curie
"Andy Garcia, Richard Dreyfuss",0,,1997-09-10,13 333,,Thriller,Etats-Unis,,Sidney Lumet,,UIP,Dans l'ombre de Manhattan
Simon Pegg,0,,2011-08-31,12 842,,Comédie,Grande-Bretagne,,John Landis,,La Fabrique 2,Cadavres à la Pelle
"Elle Fanning, Nicole Kidman",0,,2018-06-20,12 541,,Comédie,Grande-Bretagne,,,,ARP Selection,How To Talk To Girls At Parties
"Daniel Auteuil, Monica Bellucci",12564,,2006-10-18,12 564,,Romance,France,,,,Magrytte Films,Napoléon (et moi)
Uma Thurman,170017,,2004-04-28,12 143,Franchise,Aventure - Action,Etats-Unis,,Quentin Tarantino,,TFM Distribution,Kill Bill: Volume 1 (Rep. 2004)
Viggo Mortensen,0,,2015-04-22,11 884,,Drame,Argentine,,,,Le Pacte,Jauja
Gael Garcia Bernal,0,,2010-09-01,11 982,,Comédie dramatique,Mexique,,,,SND,Rudo et Cursi
"Jennifer Lopez, Liv Tyler, Matt Damon, Ben Affleck",35000000,,2004-08-11,11 644,,Comédie,Etats-Unis,,Kevin Smith,,TFM Distribution,Père et fille
Pierce Brosnan,5500000,,2012-12-19,11 368,,Romance,Danemark,,,,Films du Losange,Love is All You Need
Bill Pullman,6860000,,2005-06-22,11 378,,Drame,Danemark,,,,Films du Losange,Dear Wendy
Pierce Brosnan,12000000,,2008-09-24,11 362,,Comédie,Etats-Unis,,,,Sony Pictures,Married Life
Ethan Hawke,0,,2017-01-11,10 854,,Drame,Etats-Unis,,,,Kinovista,Born to be Blue
Ryan Gosling,1500000,,2001-10-10,10 864,,Drame,Etats-Unis,,,,-,Danny Balint
"Angela Basset, Paul Giamatti",0,,2021-07-21,10 853,,Aventure - Action,Etats-Unis,,,,Studiocanal,Bloody Milkshake
Cuba Gooding Jr.,30000000,,2004-03-03,10 310,,Comédie,Etats-Unis,,,,-,The Fighting Temptations
Mads Mikkelsen,0,,2007-03-07,10 329,,Drame,Danemark,,,,Equation,After the Wedding
"Samuel L. Jackson, Justin Timberlake, Christina Ricci",15000000,,2007-05-30,10 402,,Drame,Etats-Unis,,,,Paramount,Black Snake Moan
Isabelle Huppert,15570,,2022-09-14,10 441,,Drame,France,,,,Haut et Court,A propos de Joan
Isabelle Huppert,16019,,2012-09-19,9 931,,Drame,France,,,,Equation,Captive
"Daniel Auteuil, Lambert Wilson",0,,2017-01-25,9 515,,Drame,Italie,,,,Bellissima Films,Les Confessions
"Marlon Brando, Al Pacino, Diane Keaton, Robert Duvall",6000000,,2022-02-23,8 982,Franchise,Drame,Etats-Unis,,Francis F. Coppola,,Paramount,Le Parrain (50 Ans)
Roschdy Zem,16888,,2009-09-23,8 304,,Drame,France,,,,Tadrart Films,London River
Tahar Rahim,0,,2011-11-02,8 330,,Comédie dramatique,France,,,,Wild Bunch,Love and Bruises
Elle Fanning,0,,2013-05-29,8 405,,Drame,Grande-Bretagne,,,,Eurozoom,Ginger & Rosa
Paul Giamatti,0,,2011-08-31,7 534,,Comédie,Etats-Unis,,,,20th Century Fox,Les Winners
"Gwyneth Paltrow, Paul Giamatti",21000000,,2001-01-10,7 576,,Comédie,Etats-Unis,,,,CTV International,Duos d'un jour
"Alan Rickman, Sigourney Weaver, Tim Allen, Sam Rockwell",60000000,,2000-10-04,7 309,,Comédie,Etats-Unis,,,,-,Galaxy Quest
Al Pacino,0,,2015-04-08,6 880,,Comédie dramatique,Etats-Unis,,Barry Levinson,,Metropolitan,The Humbling
"Ralph Fiennes, Liam Neeson",22000000,John Williams,2019-03-13,6 530,,Drame,Etats-Unis,Steven Spielberg,Steven Spielberg,,UIP,La Liste de Schindler (Rep. 2019)
Ellen Page,6500000,,2013-07-10,6 259,,Thriller,Etats-Unis,Ridley Scott,,,20th Century Fox,The East
"Vince Vaughn, Paul Giamatti, Kevin Spacey, Rachel Weisz",100000000,,2007-12-26,6 246,,Comédie,Etats-Unis,Joel Silver,,,Warner Bros.,Frère Noël
Benedict Cumberbatch,0,,2018-06-13,5 863,,Documentaire,Grande-Bretagne,,,,-,Voyage en pleine conscience
"Shia LaBeouf, Mads Mikkelsen",0,,2014-05-14,5 826,,Aventure - Action,Etats-Unis,,,,Distrib Films,Charlie Countryman
"Diane Lane, John Cusack",30000000,,2005-10-05,5 488,,Romance,Etats-Unis,,,,Warner Bros.,La Main au collier
Nick Nolte,1900000,,2003-11-19,5 449,,Drame,Etats-Unis,,,,-,Northfork
"Helen Mirren, Paul Giamatti, James McAvoy",18000000,,2010-12-08,5 515,,Drame,Etats-Unis,,,,Kinovista,"Tolstoï, le dernier automne"
"Victoria Abril, José Garcia",7365,,2005-05-25,5 300,,Drame,Espagne,,,,Artedis,Le 7ème jour
"James Franco, Natalie Portman",49900000,,2011-09-07,4 897,,Comédie,Etats-Unis,,,,Universal,Votre Majesté
- Madonna,10000000,,2003-05-21,4 888,,Romance,Grande-Bretagne,,Guy Ritchie,,Columbia,A la dérive
"Sylvester Stallone, Madeleine Stowe",0,,2004-08-11,4 606,,Aventure - Action,Etats-Unis,,,,Quinta Distribution,Mafia love
"Dennis Quaid, Rene Russo",45000000,,2006-05-03,4 620,,Film familial,Etats-Unis,,Raja Gosnell,Remake,Gaumont Sony,Une famille 2 en 1
"Michael Fassbender, Maggie Gyllenhaal, François Civil",0,,2015-02-04,4 525,,Comédie dramatique,Grande-Bretagne,,,,KMBO,Frank
Keanu Reeves,25000000,,2014-04-30,4 312,,Aventure - Action,Etats-Unis,,,,Universal,Man of Tai Chi
Forest Whitaker,0,,2009-12-09,4 001,,Animation,Rép. Tchèque,,,,Gébéka,Drôle de grenier !
"Jack Black, Amy Adams, Jason Segel, Ben Stiller, Tim Robbins, John C. Reilly",0,,2007-07-04,3 563,,Comédie,Etats-Unis,,,,Metropolitan,Tenacious D: The Pick of Destiny
"Charlotte Rampling, Geoffrey Rush",15000000,,2013-09-18,3 576,,Drame,Australie,,,,Films sans frontières,L'Oeil du cyclone
Hugh Jackman,0,,2018-01-24,3 139,,Documentaire,Australie,,,,-,Sugarland
"Marlon Brando, Laurence Fishburne, Harrison Ford, Robert Duvall",31500000,,2019-08-21,2 906,,Guerre,Etats-Unis,,Francis F. Coppola,,AMLF,Apocalypse Now (Final Cut)
Ben Affleck,0,,2004-12-15,2 615,,Comédie,Etats-Unis,,,,UIP,Famille à louer
"Colin Farrell, Salma Hayek",0,,2006-08-30,2 396,,Drame,Etats-Unis,Paula Wagner,,,SND,Demande à la poussière
"Valérie Lemercier, Andie MacDowell",20000000,,2011-08-24,2 151,,Romance,Etats-Unis,,,,20th Century Fox,Bienvenue à Monte-Carlo
Roberto Begnini,0,,2003-05-07,2 142,,Documentaire,France,,,,-,Fellini: Je suis un grand menteur
"Burt Reynolds, Salma Hayek, John Malkovich",0,,2005-03-09,2 195,,Thriller,Autriche,,,,Equation,Hotel
Kevin Hart,0,,2006-08-16,2 013,,Drame,Etats-Unis,,,,20th Century Fox,In The Mix
Anne Hathaway,0,,2004-10-20,1 768,,Drame,Etats-Unis,,,,Bodega Films,Nicholas Nickleby
"Anne Hathaway, Minnie Driver",31000000,,2005-05-11,1 754,,Fantasy,Etats-Unis,,,,TFM Distribution,Ella au pays enchanté
"Susan Sarandon, Sean William Scott, Billy Bob Thornton",22000000,,2008-07-23,1 775,,Comédie,Etats-Unis,,,,Metropolitan,Monsieur Woodcock
"Maggie Gyllenhaal, Julianne Moore, Eva Mendes",10000000,,2006-11-22,1 402,,Romance,Etats-Unis,,,,20th Century Fox,Trust the Man
Forest Whitaker,0,,2011-01-05,1 398,,Comédie,Etats-Unis,,,,20th Century Fox,La Guerre des pères
"Juliette Binoche, Béatrice Dalle, Isabelle Huppert",2178,,2014-05-14,1 451,,Documentaire,Autriche,,,,KMBO,Michael Haneke : Profession réalisateur
Chloë Grace Moretz,15000000,,2010-10-27,1 235,Franchise,Comédie,Etats-Unis,,,,20th Century Fox,Journal d'un dégonflé
"Chris Rock, Steve Buscemi",11000000,,2007-08-29,1 233,,Comédie,Etats-Unis,,,Remake,20th Century Fox,Je crois que j'aime ma femme
